{
  "workspace_dim": 14,
  "hidden_dim": 32,
  "n_layers": 4,
  "epoch": 10,
  "train_loss": 5.500013435588164,
  "fusion_weights": {
    "v": 0.5,
    "attr": 0.5,
    "use_weights_for_loss": true
  },
  "domain_names": [
    "v",
    "attr",
    "use_weights_for_loss"
  ],
  "run_name": "fusion_only",
  "timestamp": "2025-08-20_18-34-50",
  "model_type": "GWModuleConfigurableFusion",
  "epoch_time": 3.651151,
  "trainable_params": 150268,
  "total_params": 150268,
  "use_weighted_loss": true,
  "loss_weights": {
    "fusion": 1.0,
    "demi_cycle": 0.0,
    "cycle": 0.0,
    "translation": 0.0
  },
  "val_loss": 5.488898277282715,
  "val_fusion_v_non_synergy_loss": 0.4813607633113861,
  "val_fusion_v_loss": 0.4813607633113861,
  "val_fusion_attr_non_synergy_loss": 0.09843365475535393,
  "val_fusion_attr_non_synergy_features_mse": 0.10006820037961006,
  "val_fusion_attr_synergy_source_feature_mse": 0.08208820037543774,
  "val_fusion_attr_synergy_loss": 2.07960045337677,
  "val_fusion_attr_synergy_loss_scaled": 10.39800238609314,
  "val_fusion_attr_loss": 10.49643588066101,
  "val_weighted_fusion_loss": 5.488898277282715,
  "val_fusion_loss": 5.488898277282715,
  "val_synergy_loss_scale": 5.0,
  "val_total_loss": 5.488898277282715
}