{
  "workspace_dim": 14,
  "hidden_dim": 32,
  "n_layers": 4,
  "epoch": 20,
  "train_loss": 5.403937704422894,
  "fusion_weights": {
    "v": 0.5,
    "attr": 0.5,
    "use_weights_for_loss": true
  },
  "domain_names": [
    "v",
    "attr",
    "use_weights_for_loss"
  ],
  "run_name": "fusion_only",
  "timestamp": "2025-08-20_18-35-32",
  "model_type": "GWModuleConfigurableFusion",
  "epoch_time": 4.030998,
  "trainable_params": 150268,
  "total_params": 150268,
  "use_weighted_loss": true,
  "loss_weights": {
    "fusion": 1.0,
    "demi_cycle": 0.0,
    "cycle": 0.0,
    "translation": 0.0
  },
  "val_loss": 5.402573466300964,
  "val_fusion_v_non_synergy_loss": 0.34922879189252853,
  "val_fusion_v_loss": 0.34922879189252853,
  "val_fusion_attr_non_synergy_loss": 0.055582393892109394,
  "val_fusion_attr_non_synergy_features_mse": 0.052971323020756245,
  "val_fusion_attr_synergy_source_feature_mse": 0.08169307745993137,
  "val_fusion_attr_synergy_loss": 2.0800670981407166,
  "val_fusion_attr_synergy_loss_scaled": 10.400335550308228,
  "val_fusion_attr_loss": 10.455918073654175,
  "val_weighted_fusion_loss": 5.402573466300964,
  "val_fusion_loss": 5.402573466300964,
  "val_synergy_loss_scale": 5.0,
  "val_total_loss": 5.402573466300964
}