{
  "workspace_dim": 14,
  "hidden_dim": 32,
  "n_layers": 4,
  "epoch": 50,
  "train_loss": 1.3090186680064482,
  "fusion_weights": {
    "v": 0.5,
    "attr": 0.5,
    "use_weights_for_loss": true
  },
  "domain_names": [
    "v",
    "attr",
    "use_weights_for_loss"
  ],
  "run_name": "fusion_only",
  "timestamp": "2025-08-20_18-37-36",
  "model_type": "GWModuleConfigurableFusion",
  "epoch_time": 3.795025,
  "trainable_params": 150268,
  "total_params": 150268,
  "use_weighted_loss": true,
  "loss_weights": {
    "fusion": 1.0,
    "demi_cycle": 0.0,
    "cycle": 0.0,
    "translation": 0.0
  },
  "val_loss": 1.0839055478572845,
  "val_fusion_v_non_synergy_loss": 0.23137207329273224,
  "val_fusion_v_loss": 0.23137207329273224,
  "val_fusion_attr_non_synergy_loss": 0.07159587182104588,
  "val_fusion_attr_non_synergy_features_mse": 0.07428796030580997,
  "val_fusion_attr_synergy_source_feature_mse": 0.04467493109405041,
  "val_fusion_attr_synergy_loss": 0.3729686215519905,
  "val_fusion_attr_synergy_loss_scaled": 1.8648431301116943,
  "val_fusion_attr_loss": 1.9364390075206757,
  "val_weighted_fusion_loss": 1.0839055478572845,
  "val_fusion_loss": 1.0839055478572845,
  "val_synergy_loss_scale": 5.0,
  "val_total_loss": 1.0839055478572845
}