{
  "workspace_dim": 13,
  "hidden_dim": 32,
  "n_layers": 4,
  "epoch": 50,
  "train_loss": 0.7001313374323004,
  "fusion_weights": {
    "v": 0.5,
    "attr": 0.5,
    "use_weights_for_loss": true
  },
  "domain_names": [
    "v",
    "attr",
    "use_weights_for_loss"
  ],
  "run_name": "fusion_only",
  "timestamp": "2025-08-20_18-33-54",
  "model_type": "GWModuleConfigurableFusion",
  "epoch_time": 4.0089,
  "trainable_params": 149946,
  "total_params": 149946,
  "use_weighted_loss": true,
  "loss_weights": {
    "fusion": 1.0,
    "demi_cycle": 0.0,
    "cycle": 0.0,
    "translation": 0.0
  },
  "val_loss": 0.6155489385128021,
  "val_fusion_v_non_synergy_loss": 0.4370433911681175,
  "val_fusion_v_loss": 0.4370433911681175,
  "val_fusion_attr_non_synergy_loss": 0.16100330278277397,
  "val_fusion_attr_non_synergy_features_mse": 0.17655625194311142,
  "val_fusion_attr_synergy_source_feature_mse": 0.00547375890891999,
  "val_fusion_attr_synergy_loss": 0.12661024183034897,
  "val_fusion_attr_synergy_loss_scaled": 0.6330512017011642,
  "val_fusion_attr_loss": 0.7940544933080673,
  "val_weighted_fusion_loss": 0.6155489385128021,
  "val_fusion_loss": 0.6155489385128021,
  "val_synergy_loss_scale": 5.0,
  "val_total_loss": 0.6155489385128021
}