{
  "workspace_dim": 13,
  "hidden_dim": 32,
  "n_layers": 4,
  "epoch": 20,
  "train_loss": 1.2709625082857468,
  "fusion_weights": {
    "v": 0.5,
    "attr": 0.5,
    "use_weights_for_loss": true
  },
  "domain_names": [
    "v",
    "attr",
    "use_weights_for_loss"
  ],
  "run_name": "fusion_only",
  "timestamp": "2025-08-20_18-31-52",
  "model_type": "GWModuleConfigurableFusion",
  "epoch_time": 4.208915,
  "trainable_params": 149946,
  "total_params": 149946,
  "use_weighted_loss": true,
  "loss_weights": {
    "fusion": 1.0,
    "demi_cycle": 0.0,
    "cycle": 0.0,
    "translation": 0.0
  },
  "val_loss": 1.1540647149085999,
  "val_fusion_v_non_synergy_loss": 0.48010823130607605,
  "val_fusion_v_loss": 0.48010823130607605,
  "val_fusion_attr_non_synergy_loss": 0.16344919428229332,
  "val_fusion_attr_non_synergy_features_mse": 0.1788766197860241,
  "val_fusion_attr_synergy_source_feature_mse": 0.009174838429316878,
  "val_fusion_attr_synergy_loss": 0.33291439712047577,
  "val_fusion_attr_synergy_loss_scaled": 1.6645719707012177,
  "val_fusion_attr_loss": 1.8280211985111237,
  "val_weighted_fusion_loss": 1.1540647149085999,
  "val_fusion_loss": 1.1540647149085999,
  "val_synergy_loss_scale": 5.0,
  "val_total_loss": 1.1540647149085999
}