{
  "workspace_dim": 13,
  "hidden_dim": 32,
  "n_layers": 4,
  "epoch": 30,
  "train_loss": 0.8820030601585612,
  "fusion_weights": {
    "v": 0.5,
    "attr": 0.5,
    "use_weights_for_loss": true
  },
  "domain_names": [
    "v",
    "attr",
    "use_weights_for_loss"
  ],
  "run_name": "fusion_only",
  "timestamp": "2025-08-20_18-32-32",
  "model_type": "GWModuleConfigurableFusion",
  "epoch_time": 3.586089,
  "trainable_params": 149946,
  "total_params": 149946,
  "use_weighted_loss": true,
  "loss_weights": {
    "fusion": 1.0,
    "demi_cycle": 0.0,
    "cycle": 0.0,
    "translation": 0.0
  },
  "val_loss": 0.7932545840740204,
  "val_fusion_v_non_synergy_loss": 0.4546235352754593,
  "val_fusion_v_loss": 0.4546235352754593,
  "val_fusion_attr_non_synergy_loss": 0.16337068751454353,
  "val_fusion_attr_non_synergy_features_mse": 0.17904167249798775,
  "val_fusion_attr_synergy_source_feature_mse": 0.006660795072093606,
  "val_fusion_attr_synergy_loss": 0.19370298460125923,
  "val_fusion_attr_synergy_loss_scaled": 0.9685149192810059,
  "val_fusion_attr_loss": 1.1318856179714203,
  "val_weighted_fusion_loss": 0.7932545840740204,
  "val_fusion_loss": 0.7932545840740204,
  "val_synergy_loss_scale": 5.0,
  "val_total_loss": 0.7932545840740204
}