{
  "workspace_dim": 2,
  "hidden_dim": 32,
  "n_layers": 4,
  "epoch": 10,
  "train_loss": 5.583502629223992,
  "fusion_weights": {
    "v": 0.5,
    "attr": 0.5,
    "use_weights_for_loss": true
  },
  "domain_names": [
    "v",
    "attr",
    "use_weights_for_loss"
  ],
  "run_name": "fusion_only",
  "timestamp": "2025-08-20_17-50-06",
  "model_type": "GWModuleConfigurableFusion",
  "epoch_time": 5.089983,
  "trainable_params": 146404,
  "total_params": 146404,
  "use_weighted_loss": true,
  "loss_weights": {
    "fusion": 1.0,
    "demi_cycle": 0.0,
    "cycle": 0.0,
    "translation": 0.0
  },
  "val_loss": 5.579046368598938,
  "val_fusion_v_non_synergy_loss": 0.585204616189003,
  "val_fusion_v_loss": 0.585204616189003,
  "val_fusion_attr_non_synergy_loss": 0.18148509413003922,
  "val_fusion_attr_non_synergy_features_mse": 0.19142087176442146,
  "val_fusion_attr_synergy_source_feature_mse": 0.0821273885667324,
  "val_fusion_attr_synergy_loss": 2.0782806873321533,
  "val_fusion_attr_synergy_loss_scaled": 10.391403198242188,
  "val_fusion_attr_loss": 10.572888374328613,
  "val_weighted_fusion_loss": 5.579046368598938,
  "val_fusion_loss": 5.579046368598938,
  "val_synergy_loss_scale": 5.0,
  "val_total_loss": 5.579046368598938
}