{
  "workspace_dim": 2,
  "hidden_dim": 32,
  "n_layers": 4,
  "epoch": 20,
  "train_loss": 1.2906691291752983,
  "fusion_weights": {
    "v": 0.5,
    "attr": 0.5,
    "use_weights_for_loss": true
  },
  "domain_names": [
    "v",
    "attr",
    "use_weights_for_loss"
  ],
  "run_name": "fusion_only",
  "timestamp": "2025-08-20_17-50-49",
  "model_type": "GWModuleConfigurableFusion",
  "epoch_time": 4.102841,
  "trainable_params": 146404,
  "total_params": 146404,
  "use_weighted_loss": true,
  "loss_weights": {
    "fusion": 1.0,
    "demi_cycle": 0.0,
    "cycle": 0.0,
    "translation": 0.0
  },
  "val_loss": 1.2358421385288239,
  "val_fusion_v_non_synergy_loss": 0.6679623126983643,
  "val_fusion_v_loss": 0.6679623126983643,
  "val_fusion_attr_non_synergy_loss": 0.19213436543941498,
  "val_fusion_attr_non_synergy_features_mse": 0.207107774913311,
  "val_fusion_attr_synergy_source_feature_mse": 0.04240026976913214,
  "val_fusion_attr_synergy_loss": 0.3223175182938576,
  "val_fusion_attr_synergy_loss_scaled": 1.6115875840187073,
  "val_fusion_attr_loss": 1.803721934556961,
  "val_weighted_fusion_loss": 1.2358421385288239,
  "val_fusion_loss": 1.2358421385288239,
  "val_synergy_loss_scale": 5.0,
  "val_total_loss": 1.2358421385288239
}