{
  "workspace_dim": 17,
  "hidden_dim": 32,
  "n_layers": 4,
  "epoch": 30,
  "train_loss": 0.9723530779866612,
  "fusion_weights": {
    "v": 0.5,
    "attr": 0.5,
    "use_weights_for_loss": true
  },
  "domain_names": [
    "v",
    "attr",
    "use_weights_for_loss"
  ],
  "run_name": "fusion_only",
  "timestamp": "2025-08-20_18-48-02",
  "model_type": "GWModuleConfigurableFusion",
  "epoch_time": 4.619076,
  "trainable_params": 151234,
  "total_params": 151234,
  "use_weighted_loss": true,
  "loss_weights": {
    "fusion": 1.0,
    "demi_cycle": 0.0,
    "cycle": 0.0,
    "translation": 0.0
  },
  "val_loss": 2.9502814412117004,
  "val_fusion_v_non_synergy_loss": 0.6658619791269302,
  "val_fusion_v_loss": 0.6658619791269302,
  "val_fusion_attr_non_synergy_loss": 0.19330960139632225,
  "val_fusion_attr_non_synergy_features_mse": 0.2106456346809864,
  "val_fusion_attr_synergy_source_feature_mse": 0.019949262496083975,
  "val_fusion_attr_synergy_loss": 1.008278250694275,
  "val_fusion_attr_synergy_loss_scaled": 5.041391372680664,
  "val_fusion_attr_loss": 5.234700918197632,
  "val_weighted_fusion_loss": 2.9502814412117004,
  "val_fusion_loss": 2.9502814412117004,
  "val_synergy_loss_scale": 5.0,
  "val_total_loss": 2.9502814412117004
}