{
  "workspace_dim": 17,
  "hidden_dim": 32,
  "n_layers": 4,
  "epoch": 40,
  "train_loss": 0.8952193400439095,
  "fusion_weights": {
    "v": 0.5,
    "attr": 0.5,
    "use_weights_for_loss": true
  },
  "domain_names": [
    "v",
    "attr",
    "use_weights_for_loss"
  ],
  "run_name": "fusion_only",
  "timestamp": "2025-08-20_18-48-45",
  "model_type": "GWModuleConfigurableFusion",
  "epoch_time": 4.521351,
  "trainable_params": 151234,
  "total_params": 151234,
  "use_weighted_loss": true,
  "loss_weights": {
    "fusion": 1.0,
    "demi_cycle": 0.0,
    "cycle": 0.0,
    "translation": 0.0
  },
  "val_loss": 0.6915302872657776,
  "val_fusion_v_non_synergy_loss": 0.6113024204969406,
  "val_fusion_v_loss": 0.6113024204969406,
  "val_fusion_attr_non_synergy_loss": 0.19364872947335243,
  "val_fusion_attr_non_synergy_features_mse": 0.21188440173864365,
  "val_fusion_attr_synergy_source_feature_mse": 0.011291975853964686,
  "val_fusion_attr_synergy_loss": 0.11562188901007175,
  "val_fusion_attr_synergy_loss_scaled": 0.5781094580888748,
  "val_fusion_attr_loss": 0.771758183836937,
  "val_weighted_fusion_loss": 0.6915302872657776,
  "val_fusion_loss": 0.6915302872657776,
  "val_synergy_loss_scale": 5.0,
  "val_total_loss": 0.6915302872657776
}