{
  "workspace_dim": 10,
  "hidden_dim": 32,
  "n_layers": 4,
  "epoch": 20,
  "train_loss": 5.41149884111741,
  "fusion_weights": {
    "v": 0.5,
    "attr": 0.5,
    "use_weights_for_loss": true
  },
  "domain_names": [
    "v",
    "attr",
    "use_weights_for_loss"
  ],
  "run_name": "fusion_only",
  "timestamp": "2025-08-20_18-20-45",
  "model_type": "GWModuleConfigurableFusion",
  "epoch_time": 4.65033,
  "trainable_params": 148980,
  "total_params": 148980,
  "use_weighted_loss": true,
  "loss_weights": {
    "fusion": 1.0,
    "demi_cycle": 0.0,
    "cycle": 0.0,
    "translation": 0.0
  },
  "val_loss": 5.409626007080078,
  "val_fusion_v_non_synergy_loss": 0.39613381773233414,
  "val_fusion_v_loss": 0.39613381773233414,
  "val_fusion_attr_non_synergy_loss": 0.02460614126175642,
  "val_fusion_attr_non_synergy_features_mse": 0.018721064552664757,
  "val_fusion_attr_synergy_source_feature_mse": 0.08345689997076988,
  "val_fusion_attr_synergy_loss": 2.079702317714691,
  "val_fusion_attr_synergy_loss_scaled": 10.3985116481781,
  "val_fusion_attr_loss": 10.423118114471436,
  "val_weighted_fusion_loss": 5.409626007080078,
  "val_fusion_loss": 5.409626007080078,
  "val_synergy_loss_scale": 5.0,
  "val_total_loss": 5.409626007080078
}