{
  "workspace_dim": 10,
  "hidden_dim": 32,
  "n_layers": 4,
  "epoch": 50,
  "train_loss": 5.28840428240159,
  "fusion_weights": {
    "v": 0.5,
    "attr": 0.5,
    "use_weights_for_loss": true
  },
  "domain_names": [
    "v",
    "attr",
    "use_weights_for_loss"
  ],
  "run_name": "fusion_only",
  "timestamp": "2025-08-20_18-22-42",
  "model_type": "GWModuleConfigurableFusion",
  "epoch_time": 3.823886,
  "trainable_params": 148980,
  "total_params": 148980,
  "use_weighted_loss": true,
  "loss_weights": {
    "fusion": 1.0,
    "demi_cycle": 0.0,
    "cycle": 0.0,
    "translation": 0.0
  },
  "val_loss": 5.290107727050781,
  "val_fusion_v_non_synergy_loss": 0.1625698134303093,
  "val_fusion_v_loss": 0.1625698134303093,
  "val_fusion_attr_non_synergy_loss": 0.018582829274237156,
  "val_fusion_attr_non_synergy_features_mse": 0.01211412949487567,
  "val_fusion_attr_synergy_source_feature_mse": 0.08326983638107777,
  "val_fusion_attr_synergy_loss": 2.079812526702881,
  "val_fusion_attr_synergy_loss_scaled": 10.399062871932983,
  "val_fusion_attr_loss": 10.417645692825317,
  "val_weighted_fusion_loss": 5.290107727050781,
  "val_fusion_loss": 5.290107727050781,
  "val_synergy_loss_scale": 5.0,
  "val_total_loss": 5.290107727050781
}