{
  "workspace_dim": 10,
  "hidden_dim": 32,
  "n_layers": 4,
  "epoch": 40,
  "train_loss": 5.316228642183192,
  "fusion_weights": {
    "v": 0.5,
    "attr": 0.5,
    "use_weights_for_loss": true
  },
  "domain_names": [
    "v",
    "attr",
    "use_weights_for_loss"
  ],
  "run_name": "fusion_only",
  "timestamp": "2025-08-20_18-22-04",
  "model_type": "GWModuleConfigurableFusion",
  "epoch_time": 3.727731,
  "trainable_params": 148980,
  "total_params": 148980,
  "use_weighted_loss": true,
  "loss_weights": {
    "fusion": 1.0,
    "demi_cycle": 0.0,
    "cycle": 0.0,
    "translation": 0.0
  },
  "val_loss": 5.315455794334412,
  "val_fusion_v_non_synergy_loss": 0.21344352513551712,
  "val_fusion_v_loss": 0.21344352513551712,
  "val_fusion_attr_non_synergy_loss": 0.0187296150252223,
  "val_fusion_attr_non_synergy_features_mse": 0.012277743313461542,
  "val_fusion_attr_synergy_source_feature_mse": 0.0832483321428299,
  "val_fusion_attr_synergy_loss": 2.0797476768493652,
  "val_fusion_attr_synergy_loss_scaled": 10.398738384246826,
  "val_fusion_attr_loss": 10.417468070983887,
  "val_weighted_fusion_loss": 5.315455794334412,
  "val_fusion_loss": 5.315455794334412,
  "val_synergy_loss_scale": 5.0,
  "val_total_loss": 5.315455794334412
}