{
  "workspace_dim": 12,
  "hidden_dim": 32,
  "n_layers": 4,
  "epoch": 10,
  "train_loss": 5.514137604657342,
  "fusion_weights": {
    "v": 0.5,
    "attr": 0.5,
    "use_weights_for_loss": true
  },
  "domain_names": [
    "v",
    "attr",
    "use_weights_for_loss"
  ],
  "run_name": "fusion_only",
  "timestamp": "2025-08-20_18-27-29",
  "model_type": "GWModuleConfigurableFusion",
  "epoch_time": 4.334822,
  "trainable_params": 149624,
  "total_params": 149624,
  "use_weighted_loss": true,
  "loss_weights": {
    "fusion": 1.0,
    "demi_cycle": 0.0,
    "cycle": 0.0,
    "translation": 0.0
  },
  "val_loss": 5.4482057094573975,
  "val_fusion_v_non_synergy_loss": 0.5652069300413132,
  "val_fusion_v_loss": 0.5652069300413132,
  "val_fusion_attr_non_synergy_loss": 0.14666716381907463,
  "val_fusion_attr_non_synergy_features_mse": 0.15725528821349144,
  "val_fusion_attr_synergy_source_feature_mse": 0.04078583978116512,
  "val_fusion_attr_synergy_loss": 2.036907434463501,
  "val_fusion_attr_synergy_loss_scaled": 10.184537172317505,
  "val_fusion_attr_loss": 10.331204414367676,
  "val_weighted_fusion_loss": 5.4482057094573975,
  "val_fusion_loss": 5.4482057094573975,
  "val_synergy_loss_scale": 5.0,
  "val_total_loss": 5.4482057094573975
}