{
  "workspace_dim": 12,
  "hidden_dim": 32,
  "n_layers": 4,
  "epoch": 20,
  "train_loss": 1.1229648782926447,
  "fusion_weights": {
    "v": 0.5,
    "attr": 0.5,
    "use_weights_for_loss": true
  },
  "domain_names": [
    "v",
    "attr",
    "use_weights_for_loss"
  ],
  "run_name": "fusion_only",
  "timestamp": "2025-08-20_18-28-08",
  "model_type": "GWModuleConfigurableFusion",
  "epoch_time": 4.616872,
  "trainable_params": 149624,
  "total_params": 149624,
  "use_weighted_loss": true,
  "loss_weights": {
    "fusion": 1.0,
    "demi_cycle": 0.0,
    "cycle": 0.0,
    "translation": 0.0
  },
  "val_loss": 1.0819396376609802,
  "val_fusion_v_non_synergy_loss": 0.516359731554985,
  "val_fusion_v_loss": 0.516359731554985,
  "val_fusion_attr_non_synergy_loss": 0.18024498224258423,
  "val_fusion_attr_non_synergy_features_mse": 0.1970793567597866,
  "val_fusion_attr_synergy_source_feature_mse": 0.011901186080649495,
  "val_fusion_attr_synergy_loss": 0.29345492273569107,
  "val_fusion_attr_synergy_loss_scaled": 1.4672746062278748,
  "val_fusion_attr_loss": 1.647519588470459,
  "val_weighted_fusion_loss": 1.0819396376609802,
  "val_fusion_loss": 1.0819396376609802,
  "val_synergy_loss_scale": 5.0,
  "val_total_loss": 1.0819396376609802
}