{
  "workspace_dim": 12,
  "hidden_dim": 32,
  "n_layers": 4,
  "epoch": 40,
  "train_loss": 0.6336590787943672,
  "fusion_weights": {
    "v": 0.5,
    "attr": 0.5,
    "use_weights_for_loss": true
  },
  "domain_names": [
    "v",
    "attr",
    "use_weights_for_loss"
  ],
  "run_name": "fusion_only",
  "timestamp": "2025-08-20_18-29-27",
  "model_type": "GWModuleConfigurableFusion",
  "epoch_time": 3.652025,
  "trainable_params": 149624,
  "total_params": 149624,
  "use_weighted_loss": true,
  "loss_weights": {
    "fusion": 1.0,
    "demi_cycle": 0.0,
    "cycle": 0.0,
    "translation": 0.0
  },
  "val_loss": 0.5855010747909546,
  "val_fusion_v_non_synergy_loss": 0.44920554012060165,
  "val_fusion_v_loss": 0.44920554012060165,
  "val_fusion_attr_non_synergy_loss": 0.1776306927204132,
  "val_fusion_attr_non_synergy_features_mse": 0.1951596811413765,
  "val_fusion_attr_synergy_source_feature_mse": 0.0023408191627822816,
  "val_fusion_attr_synergy_loss": 0.1088331788778305,
  "val_fusion_attr_synergy_loss_scaled": 0.5441659092903137,
  "val_fusion_attr_loss": 0.7217966020107269,
  "val_weighted_fusion_loss": 0.5855010747909546,
  "val_fusion_loss": 0.5855010747909546,
  "val_synergy_loss_scale": 5.0,
  "val_total_loss": 0.5855010747909546
}