{
  "workspace_dim": 12,
  "hidden_dim": 32,
  "n_layers": 4,
  "epoch": 30,
  "train_loss": 0.7851353235104505,
  "fusion_weights": {
    "v": 0.5,
    "attr": 0.5,
    "use_weights_for_loss": true
  },
  "domain_names": [
    "v",
    "attr",
    "use_weights_for_loss"
  ],
  "run_name": "fusion_only",
  "timestamp": "2025-08-20_18-28-45",
  "model_type": "GWModuleConfigurableFusion",
  "epoch_time": 3.44626,
  "trainable_params": 149624,
  "total_params": 149624,
  "use_weighted_loss": true,
  "loss_weights": {
    "fusion": 1.0,
    "demi_cycle": 0.0,
    "cycle": 0.0,
    "translation": 0.0
  },
  "val_loss": 0.7735915631055832,
  "val_fusion_v_non_synergy_loss": 0.4905853942036629,
  "val_fusion_v_loss": 0.4905853942036629,
  "val_fusion_attr_non_synergy_loss": 0.17782431095838547,
  "val_fusion_attr_non_synergy_features_mse": 0.19531461223959923,
  "val_fusion_attr_synergy_source_feature_mse": 0.0029212782974354923,
  "val_fusion_attr_synergy_loss": 0.17575468122959137,
  "val_fusion_attr_synergy_loss_scaled": 0.8787733912467957,
  "val_fusion_attr_loss": 1.0565977096557617,
  "val_weighted_fusion_loss": 0.7735915631055832,
  "val_fusion_loss": 0.7735915631055832,
  "val_synergy_loss_scale": 5.0,
  "val_total_loss": 0.7735915631055832
}