{
  "workspace_dim": 12,
  "hidden_dim": 32,
  "n_layers": 4,
  "epoch": 50,
  "train_loss": 0.575308315894183,
  "fusion_weights": {
    "v": 0.5,
    "attr": 0.5,
    "use_weights_for_loss": true
  },
  "domain_names": [
    "v",
    "attr",
    "use_weights_for_loss"
  ],
  "run_name": "fusion_only",
  "timestamp": "2025-08-20_18-30-06",
  "model_type": "GWModuleConfigurableFusion",
  "epoch_time": 4.436749,
  "trainable_params": 149624,
  "total_params": 149624,
  "use_weighted_loss": true,
  "loss_weights": {
    "fusion": 1.0,
    "demi_cycle": 0.0,
    "cycle": 0.0,
    "translation": 0.0
  },
  "val_loss": 0.9104625433683395,
  "val_fusion_v_non_synergy_loss": 0.43578770011663437,
  "val_fusion_v_loss": 0.43578770011663437,
  "val_fusion_attr_non_synergy_loss": 0.17591992020606995,
  "val_fusion_attr_non_synergy_features_mse": 0.19328376278281212,
  "val_fusion_attr_synergy_source_feature_mse": 0.0022814424009993672,
  "val_fusion_attr_synergy_loss": 0.24184349924325943,
  "val_fusion_attr_synergy_loss_scaled": 1.2092174887657166,
  "val_fusion_attr_loss": 1.3851374089717865,
  "val_weighted_fusion_loss": 0.9104625433683395,
  "val_fusion_loss": 0.9104625433683395,
  "val_synergy_loss_scale": 5.0,
  "val_total_loss": 0.9104625433683395
}