{
  "workspace_dim": 16,
  "hidden_dim": 32,
  "n_layers": 4,
  "epoch": 50,
  "train_loss": 0.7628202315639047,
  "fusion_weights": {
    "v": 0.5,
    "attr": 0.5,
    "use_weights_for_loss": true
  },
  "domain_names": [
    "v",
    "attr",
    "use_weights_for_loss"
  ],
  "run_name": "fusion_only",
  "timestamp": "2025-08-20_18-45-22",
  "model_type": "GWModuleConfigurableFusion",
  "epoch_time": 3.929879,
  "trainable_params": 150912,
  "total_params": 150912,
  "use_weighted_loss": true,
  "loss_weights": {
    "fusion": 1.0,
    "demi_cycle": 0.0,
    "cycle": 0.0,
    "translation": 0.0
  },
  "val_loss": 0.6884631216526031,
  "val_fusion_v_non_synergy_loss": 0.5946056246757507,
  "val_fusion_v_loss": 0.5946056246757507,
  "val_fusion_attr_non_synergy_loss": 0.19204798713326454,
  "val_fusion_attr_non_synergy_features_mse": 0.21075070649385452,
  "val_fusion_attr_synergy_source_feature_mse": 0.005020774318836629,
  "val_fusion_attr_synergy_loss": 0.11805452220141888,
  "val_fusion_attr_synergy_loss_scaled": 0.5902726203203201,
  "val_fusion_attr_loss": 0.7823205888271332,
  "val_weighted_fusion_loss": 0.6884631216526031,
  "val_fusion_loss": 0.6884631216526031,
  "val_synergy_loss_scale": 5.0,
  "val_total_loss": 0.6884631216526031
}