{
  "workspace_dim": 16,
  "hidden_dim": 32,
  "n_layers": 4,
  "epoch": 30,
  "train_loss": 0.9635486655375537,
  "fusion_weights": {
    "v": 0.5,
    "attr": 0.5,
    "use_weights_for_loss": true
  },
  "domain_names": [
    "v",
    "attr",
    "use_weights_for_loss"
  ],
  "run_name": "fusion_only",
  "timestamp": "2025-08-20_18-44-00",
  "model_type": "GWModuleConfigurableFusion",
  "epoch_time": 4.510469,
  "trainable_params": 150912,
  "total_params": 150912,
  "use_weighted_loss": true,
  "loss_weights": {
    "fusion": 1.0,
    "demi_cycle": 0.0,
    "cycle": 0.0,
    "translation": 0.0
  },
  "val_loss": 0.7987447530031204,
  "val_fusion_v_non_synergy_loss": 0.6529732793569565,
  "val_fusion_v_loss": 0.6529732793569565,
  "val_fusion_attr_non_synergy_loss": 0.19332227110862732,
  "val_fusion_attr_non_synergy_features_mse": 0.21177373453974724,
  "val_fusion_attr_synergy_source_feature_mse": 0.008807596284896135,
  "val_fusion_attr_synergy_loss": 0.1502387970685959,
  "val_fusion_attr_synergy_loss_scaled": 0.7511939853429794,
  "val_fusion_attr_loss": 0.9445162564516068,
  "val_weighted_fusion_loss": 0.7987447530031204,
  "val_fusion_loss": 0.7987447530031204,
  "val_synergy_loss_scale": 5.0,
  "val_total_loss": 0.7987447530031204
}