{
  "workspace_dim": 16,
  "hidden_dim": 32,
  "n_layers": 4,
  "epoch": 10,
  "train_loss": 1.7679063993341781,
  "fusion_weights": {
    "v": 0.5,
    "attr": 0.5,
    "use_weights_for_loss": true
  },
  "domain_names": [
    "v",
    "attr",
    "use_weights_for_loss"
  ],
  "run_name": "fusion_only",
  "timestamp": "2025-08-20_18-42-33",
  "model_type": "GWModuleConfigurableFusion",
  "epoch_time": 4.656593,
  "trainable_params": 150912,
  "total_params": 150912,
  "use_weighted_loss": true,
  "loss_weights": {
    "fusion": 1.0,
    "demi_cycle": 0.0,
    "cycle": 0.0,
    "translation": 0.0
  },
  "val_loss": 1.59761381149292,
  "val_fusion_v_non_synergy_loss": 0.6916675120592117,
  "val_fusion_v_loss": 0.6916675120592117,
  "val_fusion_attr_non_synergy_loss": 0.19172372668981552,
  "val_fusion_attr_non_synergy_features_mse": 0.2099001258611679,
  "val_fusion_attr_synergy_source_feature_mse": 0.009959685150533915,
  "val_fusion_attr_synergy_loss": 0.4623672738671303,
  "val_fusion_attr_synergy_loss_scaled": 2.311836361885071,
  "val_fusion_attr_loss": 2.5035601258277893,
  "val_weighted_fusion_loss": 1.59761381149292,
  "val_fusion_loss": 1.59761381149292,
  "val_synergy_loss_scale": 5.0,
  "val_total_loss": 1.59761381149292
}