{
  "workspace_dim": 16,
  "hidden_dim": 32,
  "n_layers": 4,
  "epoch": 40,
  "train_loss": 0.7742398784441107,
  "fusion_weights": {
    "v": 0.5,
    "attr": 0.5,
    "use_weights_for_loss": true
  },
  "domain_names": [
    "v",
    "attr",
    "use_weights_for_loss"
  ],
  "run_name": "fusion_only",
  "timestamp": "2025-08-20_18-44-40",
  "model_type": "GWModuleConfigurableFusion",
  "epoch_time": 3.866167,
  "trainable_params": 150912,
  "total_params": 150912,
  "use_weighted_loss": true,
  "loss_weights": {
    "fusion": 1.0,
    "demi_cycle": 0.0,
    "cycle": 0.0,
    "translation": 0.0
  },
  "val_loss": 0.6237889528274536,
  "val_fusion_v_non_synergy_loss": 0.6099562048912048,
  "val_fusion_v_loss": 0.6099562048912048,
  "val_fusion_attr_non_synergy_loss": 0.1919005736708641,
  "val_fusion_attr_non_synergy_features_mse": 0.2106035351753235,
  "val_fusion_attr_synergy_source_feature_mse": 0.00487089715898037,
  "val_fusion_attr_synergy_loss": 0.08914422243833542,
  "val_fusion_attr_synergy_loss_scaled": 0.4457211196422577,
  "val_fusion_attr_loss": 0.6376216858625412,
  "val_weighted_fusion_loss": 0.6237889528274536,
  "val_fusion_loss": 0.6237889528274536,
  "val_synergy_loss_scale": 5.0,
  "val_total_loss": 0.6237889528274536
}