{
  "workspace_dim": 5,
  "hidden_dim": 32,
  "n_layers": 4,
  "epoch": 40,
  "train_loss": 0.7281630337238312,
  "fusion_weights": {
    "v": 0.5,
    "attr": 0.5,
    "use_weights_for_loss": true
  },
  "domain_names": [
    "v",
    "attr",
    "use_weights_for_loss"
  ],
  "run_name": "fusion_only",
  "timestamp": "2025-08-20_18-03-23",
  "model_type": "GWModuleConfigurableFusion",
  "epoch_time": 4.041515,
  "trainable_params": 147370,
  "total_params": 147370,
  "use_weighted_loss": true,
  "loss_weights": {
    "fusion": 1.0,
    "demi_cycle": 0.0,
    "cycle": 0.0,
    "translation": 0.0
  },
  "val_loss": 0.8433789312839508,
  "val_fusion_v_non_synergy_loss": 0.6700170934200287,
  "val_fusion_v_loss": 0.6700170934200287,
  "val_fusion_attr_non_synergy_loss": 0.19215409457683563,
  "val_fusion_attr_non_synergy_features_mse": 0.21074595674872398,
  "val_fusion_attr_synergy_source_feature_mse": 0.0062354704132303596,
  "val_fusion_attr_synergy_loss": 0.16491734609007835,
  "val_fusion_attr_synergy_loss_scaled": 0.8245867341756821,
  "val_fusion_attr_loss": 1.0167407989501953,
  "val_weighted_fusion_loss": 0.8433789312839508,
  "val_fusion_loss": 0.8433789312839508,
  "val_synergy_loss_scale": 5.0,
  "val_total_loss": 0.8433789312839508
}