{
  "workspace_dim": 5,
  "hidden_dim": 32,
  "n_layers": 4,
  "epoch": 30,
  "train_loss": 0.7434794008731842,
  "fusion_weights": {
    "v": 0.5,
    "attr": 0.5,
    "use_weights_for_loss": true
  },
  "domain_names": [
    "v",
    "attr",
    "use_weights_for_loss"
  ],
  "run_name": "fusion_only",
  "timestamp": "2025-08-20_18-02-42",
  "model_type": "GWModuleConfigurableFusion",
  "epoch_time": 3.415223,
  "trainable_params": 147370,
  "total_params": 147370,
  "use_weighted_loss": true,
  "loss_weights": {
    "fusion": 1.0,
    "demi_cycle": 0.0,
    "cycle": 0.0,
    "translation": 0.0
  },
  "val_loss": 0.7286824434995651,
  "val_fusion_v_non_synergy_loss": 0.6694573611021042,
  "val_fusion_v_loss": 0.6694573611021042,
  "val_fusion_attr_non_synergy_loss": 0.19294888898730278,
  "val_fusion_attr_non_synergy_features_mse": 0.21161345392465591,
  "val_fusion_attr_synergy_source_feature_mse": 0.006303122034296393,
  "val_fusion_attr_synergy_loss": 0.11899172700941563,
  "val_fusion_attr_synergy_loss_scaled": 0.5949586480855942,
  "val_fusion_attr_loss": 0.7879075407981873,
  "val_weighted_fusion_loss": 0.7286824434995651,
  "val_fusion_loss": 0.7286824434995651,
  "val_synergy_loss_scale": 5.0,
  "val_total_loss": 0.7286824434995651
}