{
  "workspace_dim": 5,
  "hidden_dim": 32,
  "n_layers": 4,
  "epoch": 20,
  "train_loss": 0.9429676515214583,
  "fusion_weights": {
    "v": 0.5,
    "attr": 0.5,
    "use_weights_for_loss": true
  },
  "domain_names": [
    "v",
    "attr",
    "use_weights_for_loss"
  ],
  "run_name": "fusion_only",
  "timestamp": "2025-08-20_18-02-03",
  "model_type": "GWModuleConfigurableFusion",
  "epoch_time": 4.454184,
  "trainable_params": 147370,
  "total_params": 147370,
  "use_weighted_loss": true,
  "loss_weights": {
    "fusion": 1.0,
    "demi_cycle": 0.0,
    "cycle": 0.0,
    "translation": 0.0
  },
  "val_loss": 0.8462465107440948,
  "val_fusion_v_non_synergy_loss": 0.6722217351198196,
  "val_fusion_v_loss": 0.6722217351198196,
  "val_fusion_attr_non_synergy_loss": 0.19275427237153053,
  "val_fusion_attr_non_synergy_features_mse": 0.21134686470031738,
  "val_fusion_attr_synergy_source_feature_mse": 0.006828255136497319,
  "val_fusion_attr_synergy_loss": 0.1655033938586712,
  "val_fusion_attr_synergy_loss_scaled": 0.8275169730186462,
  "val_fusion_attr_loss": 1.0202712714672089,
  "val_weighted_fusion_loss": 0.8462465107440948,
  "val_fusion_loss": 0.8462465107440948,
  "val_synergy_loss_scale": 5.0,
  "val_total_loss": 0.8462465107440948
}