{
  "workspace_dim": 12,
  "hidden_dim": 16,
  "n_layers": 2,
  "domain_names": [
    "v",
    "attr",
    "use_weights_for_loss"
  ],
  "fusion_weights": {
    "v": 0.5,
    "attr": 0.5,
    "use_weights_for_loss": false
  },
  "timestamp": "20250804_142814",
  "is_final": true,
  "model_type": "GWModuleConfigurableFusion",
  "train_loss": 638.463552400866,
  "run_name": "all_losses",
  "description": "Global Workspace model with configurable fusion weights",
  "total_training_time": 1059.487999,
  "trainable_params": 3927,
  "total_params": 3927,
  "short_circuit": false,
  "use_weighted_loss": false,
  "loss_weights": {
    "fusion": 0.3,
    "demi_cycle": 0.2,
    "cycle": 0.2,
    "translation": 0.3
  },
  "val_loss": 637.8126544563138,
  "best_val_loss": 637.8126544563138,
  "val_fusion_v_non_synergy_loss": 0.9129098471330137,
  "val_fusion_v_loss": 0.9129098471330137,
  "val_fusion_attr_non_synergy_loss": 10.010574710612394,
  "val_fusion_attr_synergy_loss": 2.0823212399774667,
  "val_fusion_attr_synergy_loss_scaled": 4164.642468510842,
  "val_fusion_attr_loss": 4174.653021364796,
  "val_weighted_fusion_loss": 626.3349185865752,
  "val_fusion_loss": 2087.782978914222,
  "val_synergy_loss_scale": 2000.0,
  "val_demi_cycle_v_loss": 0.7959973422848449,
  "val_demi_cycle_attr_loss": 6.834989645043198,
  "val_demi_cycle_loss": 3.8154935155596053,
  "val_weighted_demi_cycle_loss": 0.7630987143029972,
  "val_cycle_v_via_attr_loss": 1.3835766923670867,
  "val_cycle_attr_via_v_loss": 8.204772131783622,
  "val_cycle_loss": 4.79417440842609,
  "val_weighted_cycle_loss": 0.9588348914165886,
  "val_translation_v_to_attr_non_synergy_loss": 63.62632043021066,
  "val_translation_v_to_attr_masked_synergy": 1.0,
  "val_translation_v_to_attr_paired_samples": 1020.4081632653061,
  "val_translation_v_to_attr_total_samples": 1020.4081632653061,
  "val_translation_attr_to_v_non_synergy_loss": 1.4123940248878635,
  "val_translation_attr_to_v_masked_synergy": 1.0,
  "val_translation_attr_to_v_paired_samples": 1020.4081632653061,
  "val_translation_attr_to_v_total_samples": 1020.4081632653061,
  "val_translation_loss": 32.519357175243144,
  "val_num_translation_pairs": 2.0,
  "val_weighted_translation_loss": 9.755807428943868,
  "val_total_loss": 637.8126544563138
}