{
  "workspace_dim": 12,
  "hidden_dim": 16,
  "n_layers": 2,
  "domain_names": [
    "v",
    "attr",
    "use_weights_for_loss"
  ],
  "fusion_weights": {
    "v": 0.5,
    "attr": 0.5,
    "use_weights_for_loss": false
  },
  "timestamp": "20250804_004938",
  "is_final": true,
  "model_type": "GWModuleConfigurableFusion",
  "train_loss": 7.262611126434326,
  "run_name": "all_losses",
  "description": "Global Workspace model with configurable fusion weights",
  "total_training_time": 28886.351792,
  "trainable_params": 3824,
  "total_params": 3824,
  "short_circuit": false,
  "use_weighted_loss": false,
  "loss_weights": {
    "fusion": 0.3,
    "demi_cycle": 0.2,
    "cycle": 0.2,
    "translation": 0.3
  },
  "val_loss": 8.021074688899844,
  "best_val_loss": 7.062590761056559,
  "val_fusion_v_loss": 0.6728810071563843,
  "val_fusion_attr_loss": 6.475984784478342,
  "val_fusion_v_non_synergy_loss": 0.6728810071563843,
  "val_fusion_attr_synergy_loss": 34.812012688898534,
  "val_fusion_attr_non_synergy_loss": 3.899982174923995,
  "val_weighted_fusion_loss": 1.0723299125944736,
  "val_fusion_loss": 3.5744328916797405,
  "val_demi_cycle_v_loss": 0.6930371910734049,
  "val_demi_cycle_attr_loss": 5.652593467606235,
  "val_demi_cycle_loss": 3.1728153193675777,
  "val_weighted_demi_cycle_loss": 0.6345630765952747,
  "val_cycle_v_via_attr_loss": 0.8081524010964563,
  "val_cycle_attr_via_v_loss": 7.857467696213677,
  "val_cycle_loss": 4.332810041314123,
  "val_weighted_cycle_loss": 0.8665620208701794,
  "val_translation_v_to_attr_non_synergy_loss": 35.137838854213136,
  "val_translation_v_to_attr_masked_synergy": 1.0,
  "val_translation_v_to_attr_paired_samples": 31.98976327575176,
  "val_translation_v_to_attr_total_samples": 31.98976327575176,
  "val_translation_attr_to_v_non_synergy_loss": 1.1796241965876584,
  "val_translation_attr_to_v_masked_synergy": 1.0,
  "val_translation_attr_to_v_paired_samples": 31.98976327575176,
  "val_translation_attr_to_v_total_samples": 31.98976327575176,
  "val_translation_loss": 18.15873151823106,
  "val_num_translation_pairs": 2.0,
  "val_weighted_translation_loss": 5.447619672166333,
  "val_total_loss": 8.021074688899844
}