{
  "workspace_dim": 32,
  "hidden_dim": 32,
  "n_layers": 4,
  "domain_names": [
    "v",
    "attr",
    "use_weights_for_loss"
  ],
  "fusion_weights": {
    "v": 0.5,
    "attr": 0.5,
    "use_weights_for_loss": true
  },
  "timestamp": "20250812_190527",
  "is_final": true,
  "model_type": "GWModuleConfigurableFusion",
  "train_loss": 36.614377402089126,
  "run_name": "all_losses",
  "description": "Global Workspace model with configurable fusion weights",
  "total_training_time": 1399.273485,
  "trainable_params": 155903,
  "total_params": 155903,
  "short_circuit": false,
  "use_weighted_loss": true,
  "loss_weights": {
    "fusion": 0.3,
    "demi_cycle": 0.2,
    "cycle": 0.2,
    "translation": 0.3
  },
  "val_loss": 38.21110044206892,
  "best_val_loss": 36.26374015029596,
  "val_fusion_v_non_synergy_loss": 0.5176696296857328,
  "val_fusion_v_loss": 0.5176696296857328,
  "val_fusion_attr_non_synergy_loss": 4.995423745135872,
  "val_fusion_attr_synergy_loss": 2.090025264389661,
  "val_fusion_attr_synergy_loss_scaled": 209.0025261080995,
  "val_fusion_attr_loss": 213.99795002840003,
  "val_weighted_fusion_loss": 32.177344380592814,
  "val_fusion_loss": 107.257810320173,
  "val_synergy_loss_scale": 100.0,
  "val_demi_cycle_v_loss": 0.4397679664650742,
  "val_demi_cycle_attr_loss": 4.98519061536205,
  "val_demi_cycle_loss": 2.712479284831456,
  "val_weighted_demi_cycle_loss": 0.5424958649946718,
  "val_cycle_v_via_attr_loss": 1.2268439847595838,
  "val_cycle_attr_via_v_loss": 12.145635955187739,
  "val_cycle_loss": 6.686240011331987,
  "val_weighted_cycle_loss": 1.337248026108255,
  "val_translation_v_to_attr_non_synergy_loss": 26.445031029837473,
  "val_translation_v_to_attr_masked_synergy": 1.0,
  "val_translation_v_to_attr_paired_samples": 1020.4081632653061,
  "val_translation_v_to_attr_total_samples": 1020.4081632653061,
  "val_translation_attr_to_v_non_synergy_loss": 1.248384843067247,
  "val_translation_attr_to_v_masked_synergy": 1.0,
  "val_translation_attr_to_v_paired_samples": 1020.4081632653061,
  "val_translation_attr_to_v_total_samples": 1020.4081632653061,
  "val_translation_loss": 13.84670792793741,
  "val_num_translation_pairs": 2.0,
  "val_weighted_translation_loss": 4.15401257787432,
  "val_total_loss": 38.21110044206892
}