{
  "workspace_dim": 12,
  "hidden_dim": 16,
  "n_layers": 2,
  "domain_names": [
    "v",
    "attr",
    "use_weights_for_loss"
  ],
  "fusion_weights": {
    "v": 0.5,
    "attr": 0.5,
    "use_weights_for_loss": false
  },
  "timestamp": "20250804_120451",
  "is_final": true,
  "model_type": "GWModuleConfigurableFusion",
  "train_loss": 17.666766655154344,
  "run_name": "all_losses",
  "description": "Global Workspace model with configurable fusion weights",
  "total_training_time": 438.786998,
  "trainable_params": 3808,
  "total_params": 3808,
  "short_circuit": false,
  "use_weighted_loss": false,
  "loss_weights": {
    "fusion": 0.3,
    "demi_cycle": 0.2,
    "cycle": 0.2,
    "translation": 0.3
  },
  "val_loss": 17.487715794489933,
  "best_val_loss": 17.487715794489933,
  "val_fusion_v_non_synergy_loss": 1.248211145401001,
  "val_fusion_v_loss": 1.248211145401001,
  "val_fusion_attr_non_synergy_loss": 13.367764032804049,
  "val_fusion_attr_synergy_loss": 0.11021807961739026,
  "val_fusion_attr_synergy_loss_scaled": 2.204361603810237,
  "val_fusion_attr_loss": 15.57212550823505,
  "val_weighted_fusion_loss": 2.5230505649860087,
  "val_fusion_loss": 8.4101682809683,
  "val_synergy_loss_scale": 20.0,
  "val_demi_cycle_v_loss": 1.0105249973443837,
  "val_demi_cycle_attr_loss": 7.2580844438993015,
  "val_demi_cycle_loss": 4.134304780226487,
  "val_weighted_demi_cycle_loss": 0.8268609688832209,
  "val_cycle_v_via_attr_loss": 1.278432240852943,
  "val_cycle_attr_via_v_loss": 7.694973725538987,
  "val_cycle_loss": 4.4867029923659105,
  "val_weighted_cycle_loss": 0.8973406140620892,
  "val_translation_v_to_attr_non_synergy_loss": 86.97190211369441,
  "val_translation_v_to_attr_masked_synergy": 1.0,
  "val_translation_v_to_attr_paired_samples": 3846.153846153846,
  "val_translation_v_to_attr_total_samples": 3846.153846153846,
  "val_translation_attr_to_v_non_synergy_loss": 1.2978515258202186,
  "val_translation_attr_to_v_masked_synergy": 1.0,
  "val_translation_attr_to_v_paired_samples": 3846.153846153846,
  "val_translation_attr_to_v_total_samples": 3846.153846153846,
  "val_translation_loss": 44.134877131535454,
  "val_num_translation_pairs": 2.0,
  "val_weighted_translation_loss": 13.240463770352877,
  "val_total_loss": 17.487715794489933
}