{
  "workspace_dim": 12,
  "hidden_dim": 32,
  "n_layers": 4,
  "domain_names": [
    "v",
    "attr",
    "use_weights_for_loss"
  ],
  "fusion_weights": {
    "v": 0.5,
    "attr": 0.5,
    "use_weights_for_loss": false
  },
  "timestamp": "20250804_154132",
  "is_final": true,
  "model_type": "GWModuleConfigurableFusion",
  "train_loss": 631.938539345084,
  "run_name": "all_losses",
  "description": "Global Workspace model with configurable fusion weights",
  "total_training_time": 1394.428602,
  "trainable_params": 20343,
  "total_params": 20343,
  "short_circuit": false,
  "use_weighted_loss": false,
  "loss_weights": {
    "fusion": 0.3,
    "demi_cycle": 0.2,
    "cycle": 0.2,
    "translation": 0.3
  },
  "val_loss": 635.0334223533164,
  "best_val_loss": 631.7156683474171,
  "val_fusion_v_non_synergy_loss": 0.7586741240657106,
  "val_fusion_v_loss": 0.7586741240657106,
  "val_fusion_attr_non_synergy_loss": 6.953468955292994,
  "val_fusion_attr_synergy_loss": 2.09448969120882,
  "val_fusion_attr_synergy_loss_scaled": 4188.979372608418,
  "val_fusion_attr_loss": 4195.932816485969,
  "val_weighted_fusion_loss": 629.5037505480708,
  "val_fusion_loss": 2098.3457529496172,
  "val_synergy_loss_scale": 2000.0,
  "val_demi_cycle_v_loss": 0.6949457319415345,
  "val_demi_cycle_attr_loss": 6.19177651891903,
  "val_demi_cycle_loss": 3.443361116915333,
  "val_weighted_demi_cycle_loss": 0.6886722336010057,
  "val_cycle_v_via_attr_loss": 1.163391804208561,
  "val_cycle_attr_via_v_loss": 6.566859478853186,
  "val_cycle_loss": 3.865125660993615,
  "val_weighted_cycle_loss": 0.7730251416868094,
  "val_translation_v_to_attr_non_synergy_loss": 25.95719812354263,
  "val_translation_v_to_attr_masked_synergy": 1.0,
  "val_translation_v_to_attr_paired_samples": 1020.4081632653061,
  "val_translation_v_to_attr_total_samples": 1020.4081632653061,
  "val_translation_attr_to_v_non_synergy_loss": 1.1626546747830449,
  "val_translation_attr_to_v_masked_synergy": 1.0,
  "val_translation_attr_to_v_paired_samples": 1020.4081632653061,
  "val_translation_attr_to_v_total_samples": 1020.4081632653061,
  "val_translation_loss": 13.55992636388662,
  "val_num_translation_pairs": 2.0,
  "val_weighted_translation_loss": 4.067978065841052,
  "val_total_loss": 635.0334223533164
}