{
  "workspace_dim": 12,
  "hidden_dim": 16,
  "n_layers": 2,
  "domain_names": [
    "v",
    "attr",
    "use_weights_for_loss"
  ],
  "fusion_weights": {
    "v": 0.5,
    "attr": 0.5,
    "use_weights_for_loss": false
  },
  "timestamp": "20250804_121648",
  "is_final": true,
  "model_type": "GWModuleConfigurableFusion",
  "train_loss": 552.4672280588458,
  "run_name": "all_losses",
  "description": "Global Workspace model with configurable fusion weights",
  "total_training_time": 337.4627,
  "trainable_params": 3808,
  "total_params": 3808,
  "short_circuit": false,
  "use_weighted_loss": false,
  "loss_weights": {
    "fusion": 0.3,
    "demi_cycle": 0.2,
    "cycle": 0.2,
    "translation": 0.3
  },
  "val_loss": 553.5184151785714,
  "best_val_loss": 552.1999250139509,
  "val_fusion_v_non_synergy_loss": 1.2477316175188338,
  "val_fusion_v_loss": 1.2477316175188338,
  "val_fusion_attr_non_synergy_loss": 451.9616394042969,
  "val_fusion_attr_synergy_loss": 0.1075132212468556,
  "val_fusion_attr_synergy_loss_scaled": 2150.2644391741073,
  "val_fusion_attr_loss": 2602.2261090959823,
  "val_weighted_fusion_loss": 390.5210963657924,
  "val_fusion_loss": 1301.7369210379463,
  "val_synergy_loss_scale": 20000.0,
  "val_demi_cycle_v_loss": 1.096568959099906,
  "val_demi_cycle_attr_loss": 447.77498517717635,
  "val_demi_cycle_loss": 224.43577575683594,
  "val_weighted_demi_cycle_loss": 44.88715526035854,
  "val_cycle_v_via_attr_loss": 1.2664787088121687,
  "val_cycle_attr_via_v_loss": 447.49098423549106,
  "val_cycle_loss": 224.37872968401228,
  "val_weighted_cycle_loss": 44.87574659075056,
  "val_translation_v_to_attr_non_synergy_loss": 486.94007655552457,
  "val_translation_v_to_attr_masked_synergy": 1.0,
  "val_translation_v_to_attr_paired_samples": 7142.857142857143,
  "val_translation_v_to_attr_total_samples": 7142.857142857143,
  "val_translation_attr_to_v_non_synergy_loss": 1.2893106767109461,
  "val_translation_attr_to_v_masked_synergy": 1.0,
  "val_translation_attr_to_v_paired_samples": 7142.857142857143,
  "val_translation_attr_to_v_total_samples": 7142.857142857143,
  "val_translation_loss": 244.1146981375558,
  "val_num_translation_pairs": 2.0,
  "val_weighted_translation_loss": 73.23441314697266,
  "val_total_loss": 553.5184151785714
}