{
  "workspace_dim": 32,
  "hidden_dim": 32,
  "n_layers": 4,
  "epoch": 20,
  "train_loss": 20.671436926897833,
  "fusion_weights": {
    "v": 0.5,
    "attr": 0.5,
    "use_weights_for_loss": true
  },
  "domain_names": [
    "v",
    "attr",
    "use_weights_for_loss"
  ],
  "run_name": "all_losses",
  "timestamp": "2025-08-18_11-00-26",
  "model_type": "GWModuleConfigurableFusion",
  "epoch_time": 5.803698,
  "trainable_params": 156064,
  "total_params": 156064,
  "use_weighted_loss": true,
  "loss_weights": {
    "fusion": 0.3,
    "demi_cycle": 0.2,
    "cycle": 0.2,
    "translation": 0.3
  },
  "val_loss": 14.973939180374146,
  "val_fusion_v_non_synergy_loss": 0.5096414238214493,
  "val_fusion_v_loss": 0.5096414238214493,
  "val_fusion_attr_non_synergy_loss": 0.21249322965741158,
  "val_fusion_attr_synergy_loss": 0.9717056155204773,
  "val_fusion_attr_synergy_loss_scaled": 97.17056083679199,
  "val_fusion_attr_loss": 97.38305473327637,
  "val_weighted_fusion_loss": 14.683905124664307,
  "val_fusion_loss": 48.94634819030762,
  "val_synergy_loss_scale": 100.0,
  "val_demi_cycle_v_loss": 0.5212218165397644,
  "val_demi_cycle_attr_loss": 0.24939898774027824,
  "val_demi_cycle_loss": 0.38531041145324707,
  "val_weighted_demi_cycle_loss": 0.0770620834082365,
  "val_cycle_v_via_attr_loss": 0.6961502879858017,
  "val_cycle_attr_via_v_loss": 0.19341112673282623,
  "val_cycle_loss": 0.44478070735931396,
  "val_weighted_cycle_loss": 0.08895614370703697,
  "val_translation_v_to_attr_non_synergy_loss": 0.21760769188404083,
  "val_translation_v_to_attr_masked_synergy": 1.0,
  "val_translation_v_to_attr_paired_samples": 12500.0,
  "val_translation_v_to_attr_total_samples": 12500.0,
  "val_translation_attr_to_v_non_synergy_loss": 0.6091629564762115,
  "val_translation_attr_to_v_masked_synergy": 1.0,
  "val_translation_attr_to_v_paired_samples": 12500.0,
  "val_translation_attr_to_v_total_samples": 12500.0,
  "val_translation_loss": 0.4133853241801262,
  "val_num_translation_pairs": 2.0,
  "val_weighted_translation_loss": 0.12401560321450233,
  "val_total_loss": 14.973939180374146
}