{
  "workspace_dim": 32,
  "hidden_dim": 32,
  "n_layers": 4,
  "epoch": 10,
  "train_loss": 35.90066047436523,
  "fusion_weights": {
    "v": 0.5,
    "attr": 0.5,
    "use_weights_for_loss": false
  },
  "domain_names": [
    "v",
    "attr",
    "use_weights_for_loss"
  ],
  "run_name": "all_losses",
  "timestamp": "2025-08-11_18-13-21",
  "model_type": "GWModuleConfigurableFusion",
  "epoch_time": 1016.404521,
  "trainable_params": 155903,
  "total_params": 155903,
  "use_weighted_loss": false,
  "loss_weights": {
    "fusion": 0.3,
    "demi_cycle": 0.2,
    "cycle": 0.2,
    "translation": 0.3
  },
  "val_loss": 35.40264462295893,
  "val_fusion_v_non_synergy_loss": 0.321659215933912,
  "val_fusion_v_loss": 0.321659215933912,
  "val_fusion_attr_non_synergy_loss": 2.975751571981707,
  "val_fusion_attr_synergy_loss": 2.0893878741517558,
  "val_fusion_attr_synergy_loss_scaled": 208.93878730290683,
  "val_fusion_attr_loss": 211.91453882218627,
  "val_weighted_fusion_loss": 31.83543097141532,
  "val_fusion_loss": 106.11809899543084,
  "val_synergy_loss_scale": 100.0,
  "val_demi_cycle_v_loss": 0.2993774638008934,
  "val_demi_cycle_attr_loss": 2.8842007184898097,
  "val_demi_cycle_loss": 1.591789088719027,
  "val_weighted_demi_cycle_loss": 0.3183578235727049,
  "val_cycle_v_via_attr_loss": 1.1536633262860034,
  "val_cycle_attr_via_v_loss": 5.759815159014838,
  "val_cycle_loss": 3.456739248713849,
  "val_weighted_cycle_loss": 0.6913478614158227,
  "val_translation_v_to_attr_non_synergy_loss": 15.898730912577701,
  "val_translation_v_to_attr_masked_synergy": 1.0,
  "val_translation_v_to_attr_paired_samples": 31.98976327575176,
  "val_translation_v_to_attr_total_samples": 31.98976327575176,
  "val_translation_attr_to_v_non_synergy_loss": 1.1513216743771266,
  "val_translation_attr_to_v_masked_synergy": 1.0,
  "val_translation_attr_to_v_paired_samples": 31.98976327575176,
  "val_translation_attr_to_v_total_samples": 31.98976327575176,
  "val_translation_loss": 8.52502629029316,
  "val_num_translation_pairs": 2.0,
  "val_weighted_translation_loss": 2.557507990875537,
  "val_total_loss": 35.40264462295893
}