{
  "workspace_dim": 32,
  "hidden_dim": 32,
  "n_layers": 4,
  "epoch": 10,
  "train_loss": 31.56199348674101,
  "fusion_weights": {
    "v": 0.5,
    "attr": 0.5,
    "use_weights_for_loss": true
  },
  "domain_names": [
    "v",
    "attr",
    "use_weights_for_loss"
  ],
  "run_name": "all_losses",
  "timestamp": "2025-08-18_10-59-28",
  "model_type": "GWModuleConfigurableFusion",
  "epoch_time": 6.144861,
  "trainable_params": 156064,
  "total_params": 156064,
  "use_weighted_loss": true,
  "loss_weights": {
    "fusion": 0.3,
    "demi_cycle": 0.2,
    "cycle": 0.2,
    "translation": 0.3
  },
  "val_loss": 31.555198669433594,
  "val_fusion_v_non_synergy_loss": 0.5300671011209488,
  "val_fusion_v_loss": 0.5300671011209488,
  "val_fusion_attr_non_synergy_loss": 0.18601872399449348,
  "val_fusion_attr_synergy_loss": 2.079589605331421,
  "val_fusion_attr_synergy_loss_scaled": 207.95895767211914,
  "val_fusion_attr_loss": 208.14497756958008,
  "val_weighted_fusion_loss": 31.30125856399536,
  "val_fusion_loss": 104.3375244140625,
  "val_synergy_loss_scale": 100.0,
  "val_demi_cycle_v_loss": 0.5421573668718338,
  "val_demi_cycle_attr_loss": 0.18610724434256554,
  "val_demi_cycle_loss": 0.3641323000192642,
  "val_weighted_demi_cycle_loss": 0.072826461866498,
  "val_cycle_v_via_attr_loss": 0.5553588718175888,
  "val_cycle_attr_via_v_loss": 0.18162817880511284,
  "val_cycle_loss": 0.36849352717399597,
  "val_weighted_cycle_loss": 0.07369870878756046,
  "val_translation_v_to_attr_non_synergy_loss": 0.1858414113521576,
  "val_translation_v_to_attr_masked_synergy": 1.0,
  "val_translation_v_to_attr_paired_samples": 12500.0,
  "val_translation_v_to_attr_total_samples": 12500.0,
  "val_translation_attr_to_v_non_synergy_loss": 0.5302599668502808,
  "val_translation_attr_to_v_masked_synergy": 1.0,
  "val_translation_attr_to_v_paired_samples": 12500.0,
  "val_translation_attr_to_v_total_samples": 12500.0,
  "val_translation_loss": 0.3580506891012192,
  "val_num_translation_pairs": 2.0,
  "val_weighted_translation_loss": 0.10741521045565605,
  "val_total_loss": 31.555198669433594
}