{
  "workspace_dim": 12,
  "hidden_dim": 32,
  "n_layers": 4,
  "epoch": 30,
  "train_loss": 739.8535189950393,
  "fusion_weights": {
    "v": 0.5,
    "attr": 0.5,
    "use_weights_for_loss": false
  },
  "domain_names": [
    "v",
    "attr",
    "use_weights_for_loss"
  ],
  "run_name": "all_losses",
  "timestamp": "2025-08-04_15-32-22",
  "model_type": "GWModuleConfigurableFusion",
  "epoch_time": 27.203517,
  "trainable_params": 20343,
  "total_params": 20343,
  "use_weighted_loss": false,
  "loss_weights": {
    "fusion": 0.3,
    "demi_cycle": 0.2,
    "cycle": 0.2,
    "translation": 0.3
  },
  "val_loss": 742.2322599449936,
  "val_fusion_v_non_synergy_loss": 0.8059864153667372,
  "val_fusion_v_loss": 0.8059864153667372,
  "val_fusion_attr_non_synergy_loss": 222.3346598099689,
  "val_fusion_attr_synergy_loss": 2.0911924887676627,
  "val_fusion_attr_synergy_loss_scaled": 4182.384964923469,
  "val_fusion_attr_loss": 4404.719636878189,
  "val_weighted_fusion_loss": 660.8288599131058,
  "val_fusion_loss": 2202.7627999441966,
  "val_synergy_loss_scale": 2000.0,
  "val_demi_cycle_v_loss": 0.7370305097832972,
  "val_demi_cycle_attr_loss": 221.45240441147163,
  "val_demi_cycle_loss": 111.09471722038425,
  "val_weighted_demi_cycle_loss": 22.21894392675283,
  "val_cycle_v_via_attr_loss": 1.2341864911877378,
  "val_cycle_attr_via_v_loss": 223.77758072833626,
  "val_cycle_loss": 112.50588350879903,
  "val_weighted_cycle_loss": 22.50117691195741,
  "val_translation_v_to_attr_non_synergy_loss": 243.32711791992188,
  "val_translation_v_to_attr_masked_synergy": 1.0,
  "val_translation_v_to_attr_paired_samples": 1020.4081632653061,
  "val_translation_v_to_attr_total_samples": 1020.4081632653061,
  "val_translation_attr_to_v_non_synergy_loss": 1.2280894225957442,
  "val_translation_attr_to_v_masked_synergy": 1.0,
  "val_translation_attr_to_v_paired_samples": 1020.4081632653061,
  "val_translation_attr_to_v_total_samples": 1020.4081632653061,
  "val_translation_loss": 122.27760408362563,
  "val_num_translation_pairs": 2.0,
  "val_weighted_translation_loss": 36.68328281324737,
  "val_total_loss": 742.2322599449936
}