{
  "workspace_dim": 32,
  "hidden_dim": 32,
  "n_layers": 4,
  "epoch": 30,
  "train_loss": 5.729568439371445,
  "fusion_weights": {
    "v": 0.5,
    "attr": 0.5,
    "use_weights_for_loss": true
  },
  "domain_names": [
    "v",
    "attr",
    "use_weights_for_loss"
  ],
  "run_name": "all_losses",
  "timestamp": "2025-08-18_11-01-25",
  "model_type": "GWModuleConfigurableFusion",
  "epoch_time": 6.294796,
  "trainable_params": 156064,
  "total_params": 156064,
  "use_weighted_loss": true,
  "loss_weights": {
    "fusion": 0.3,
    "demi_cycle": 0.2,
    "cycle": 0.2,
    "translation": 0.3
  },
  "val_loss": 5.696358323097229,
  "val_fusion_v_non_synergy_loss": 0.450988344848156,
  "val_fusion_v_loss": 0.450988344848156,
  "val_fusion_attr_non_synergy_loss": 0.18799522891640663,
  "val_fusion_attr_synergy_loss": 0.3562260940670967,
  "val_fusion_attr_synergy_loss_scaled": 35.62260913848877,
  "val_fusion_attr_loss": 35.810604095458984,
  "val_weighted_fusion_loss": 5.439239144325256,
  "val_fusion_loss": 18.130796432495117,
  "val_synergy_loss_scale": 100.0,
  "val_demi_cycle_v_loss": 0.45828723162412643,
  "val_demi_cycle_attr_loss": 0.18578966334462166,
  "val_demi_cycle_loss": 0.3220384493470192,
  "val_weighted_demi_cycle_loss": 0.06440768949687481,
  "val_cycle_v_via_attr_loss": 0.5716956853866577,
  "val_cycle_attr_via_v_loss": 0.1735210083425045,
  "val_cycle_loss": 0.37260834127664566,
  "val_weighted_cycle_loss": 0.07452167011797428,
  "val_translation_v_to_attr_non_synergy_loss": 0.1977497711777687,
  "val_translation_v_to_attr_masked_synergy": 1.0,
  "val_translation_v_to_attr_paired_samples": 12500.0,
  "val_translation_v_to_attr_total_samples": 12500.0,
  "val_translation_attr_to_v_non_synergy_loss": 0.5901839286088943,
  "val_translation_attr_to_v_masked_synergy": 1.0,
  "val_translation_attr_to_v_paired_samples": 12500.0,
  "val_translation_attr_to_v_total_samples": 12500.0,
  "val_translation_loss": 0.3939668536186218,
  "val_num_translation_pairs": 2.0,
  "val_weighted_translation_loss": 0.11819005943834782,
  "val_total_loss": 5.696358323097229
}