{
  "workspace_dim": 32,
  "hidden_dim": 32,
  "n_layers": 4,
  "epoch": 40,
  "train_loss": 4.39283098192776,
  "fusion_weights": {
    "v": 0.5,
    "attr": 0.5,
    "use_weights_for_loss": true
  },
  "domain_names": [
    "v",
    "attr",
    "use_weights_for_loss"
  ],
  "run_name": "all_losses",
  "timestamp": "2025-08-18_11-02-21",
  "model_type": "GWModuleConfigurableFusion",
  "epoch_time": 6.002626,
  "trainable_params": 156064,
  "total_params": 156064,
  "use_weighted_loss": true,
  "loss_weights": {
    "fusion": 0.3,
    "demi_cycle": 0.2,
    "cycle": 0.2,
    "translation": 0.3
  },
  "val_loss": 4.403665065765381,
  "val_fusion_v_non_synergy_loss": 0.4169199764728546,
  "val_fusion_v_loss": 0.4169199764728546,
  "val_fusion_attr_non_synergy_loss": 0.18684901669621468,
  "val_fusion_attr_synergy_loss": 0.27141106873750687,
  "val_fusion_attr_synergy_loss_scaled": 27.141106605529785,
  "val_fusion_attr_loss": 27.327956199645996,
  "val_weighted_fusion_loss": 4.161731600761414,
  "val_fusion_loss": 13.872437953948975,
  "val_synergy_loss_scale": 100.0,
  "val_demi_cycle_v_loss": 0.42481569200754166,
  "val_demi_cycle_attr_loss": 0.18260718882083893,
  "val_demi_cycle_loss": 0.3037114441394806,
  "val_weighted_demi_cycle_loss": 0.06074228975921869,
  "val_cycle_v_via_attr_loss": 0.5359027236700058,
  "val_cycle_attr_via_v_loss": 0.16428476199507713,
  "val_cycle_loss": 0.350093737244606,
  "val_weighted_cycle_loss": 0.07001874968409538,
  "val_translation_v_to_attr_non_synergy_loss": 0.19650639221072197,
  "val_translation_v_to_attr_masked_synergy": 1.0,
  "val_translation_v_to_attr_paired_samples": 12500.0,
  "val_translation_v_to_attr_total_samples": 12500.0,
  "val_translation_attr_to_v_non_synergy_loss": 0.5446438491344452,
  "val_translation_attr_to_v_masked_synergy": 1.0,
  "val_translation_attr_to_v_paired_samples": 12500.0,
  "val_translation_attr_to_v_total_samples": 12500.0,
  "val_translation_loss": 0.37057512253522873,
  "val_num_translation_pairs": 2.0,
  "val_weighted_translation_loss": 0.11117254197597504,
  "val_total_loss": 4.403665065765381
}