{
  "workspace_dim": 12,
  "hidden_dim": 32,
  "n_layers": 4,
  "epoch": 20,
  "train_loss": 741.2791363612762,
  "fusion_weights": {
    "v": 0.5,
    "attr": 0.5,
    "use_weights_for_loss": false
  },
  "domain_names": [
    "v",
    "attr",
    "use_weights_for_loss"
  ],
  "run_name": "all_losses",
  "timestamp": "2025-08-04_15-27-47",
  "model_type": "GWModuleConfigurableFusion",
  "epoch_time": 28.933984,
  "trainable_params": 20343,
  "total_params": 20343,
  "use_weighted_loss": false,
  "loss_weights": {
    "fusion": 0.3,
    "demi_cycle": 0.2,
    "cycle": 0.2,
    "translation": 0.3
  },
  "val_loss": 742.0123739437181,
  "val_fusion_v_non_synergy_loss": 0.9153452065526223,
  "val_fusion_v_loss": 0.9153452065526223,
  "val_fusion_attr_non_synergy_loss": 222.6805149000518,
  "val_fusion_attr_synergy_loss": 2.0894100763359846,
  "val_fusion_attr_synergy_loss_scaled": 4178.820172991072,
  "val_fusion_attr_loss": 4401.500667649872,
  "val_weighted_fusion_loss": 660.3624267578125,
  "val_fusion_loss": 2201.2080028300384,
  "val_synergy_loss_scale": 2000.0,
  "val_demi_cycle_v_loss": 0.7623137174820414,
  "val_demi_cycle_attr_loss": 221.41322420081315,
  "val_demi_cycle_loss": 111.08776886609135,
  "val_weighted_demi_cycle_loss": 22.217554053481745,
  "val_cycle_v_via_attr_loss": 1.2316164800098963,
  "val_cycle_attr_via_v_loss": 222.0370427345743,
  "val_cycle_loss": 111.63432950389628,
  "val_weighted_cycle_loss": 22.326866227753307,
  "val_translation_v_to_attr_non_synergy_loss": 246.13932551169881,
  "val_translation_v_to_attr_masked_synergy": 1.0,
  "val_translation_v_to_attr_paired_samples": 1020.4081632653061,
  "val_translation_v_to_attr_total_samples": 1020.4081632653061,
  "val_translation_attr_to_v_non_synergy_loss": 1.230855100008906,
  "val_translation_attr_to_v_masked_synergy": 1.0,
  "val_translation_attr_to_v_paired_samples": 1020.4081632653061,
  "val_translation_attr_to_v_total_samples": 1020.4081632653061,
  "val_translation_loss": 123.68508973413584,
  "val_num_translation_pairs": 2.0,
  "val_weighted_translation_loss": 37.10552846168985,
  "val_total_loss": 742.0123739437181
}