{
  "workspace_dim": 12,
  "hidden_dim": 32,
  "n_layers": 4,
  "epoch": 40,
  "train_loss": 632.8790932247731,
  "fusion_weights": {
    "v": 0.5,
    "attr": 0.5,
    "use_weights_for_loss": false
  },
  "domain_names": [
    "v",
    "attr",
    "use_weights_for_loss"
  ],
  "run_name": "all_losses",
  "timestamp": "2025-08-04_15-36-56",
  "model_type": "GWModuleConfigurableFusion",
  "epoch_time": 29.133336,
  "trainable_params": 20343,
  "total_params": 20343,
  "use_weighted_loss": false,
  "loss_weights": {
    "fusion": 0.3,
    "demi_cycle": 0.2,
    "cycle": 0.2,
    "translation": 0.3
  },
  "val_loss": 632.7300390126754,
  "val_fusion_v_non_synergy_loss": 0.770753377554368,
  "val_fusion_v_loss": 0.770753377554368,
  "val_fusion_attr_non_synergy_loss": 7.684909188017553,
  "val_fusion_attr_synergy_loss": 2.083379487602078,
  "val_fusion_attr_synergy_loss_scaled": 4166.758968431122,
  "val_fusion_attr_loss": 4174.4439074457905,
  "val_weighted_fusion_loss": 626.2822190888074,
  "val_fusion_loss": 2087.6073172433034,
  "val_synergy_loss_scale": 2000.0,
  "val_demi_cycle_v_loss": 0.712610737401612,
  "val_demi_cycle_attr_loss": 6.5626265759370765,
  "val_demi_cycle_loss": 3.6376186147028085,
  "val_weighted_demi_cycle_loss": 0.7275237319420795,
  "val_cycle_v_via_attr_loss": 1.2038044856519114,
  "val_cycle_attr_via_v_loss": 9.667482220396703,
  "val_cycle_loss": 5.435643312882404,
  "val_weighted_cycle_loss": 1.0871286878780442,
  "val_translation_v_to_attr_non_synergy_loss": 29.68600405478964,
  "val_translation_v_to_attr_masked_synergy": 1.0,
  "val_translation_v_to_attr_paired_samples": 1020.4081632653061,
  "val_translation_v_to_attr_total_samples": 1020.4081632653061,
  "val_translation_attr_to_v_non_synergy_loss": 1.2017277260215915,
  "val_translation_attr_to_v_masked_synergy": 1.0,
  "val_translation_attr_to_v_paired_samples": 1020.4081632653061,
  "val_translation_attr_to_v_total_samples": 1020.4081632653061,
  "val_translation_loss": 15.4438659123012,
  "val_num_translation_pairs": 2.0,
  "val_weighted_translation_loss": 4.63315993912366,
  "val_total_loss": 632.7300390126754
}