{
  "workspace_dim": 7,
  "hidden_dim": 32,
  "n_layers": 4,
  "epoch": 30,
  "train_loss": 0.9090187987860512,
  "fusion_weights": {
    "v": 0.5,
    "attr": 0.5,
    "use_weights_for_loss": true
  },
  "domain_names": [
    "v",
    "attr",
    "use_weights_for_loss"
  ],
  "run_name": "fusion_only",
  "timestamp": "2025-08-20_18-10-17",
  "model_type": "GWModuleConfigurableFusion",
  "epoch_time": 4.415576,
  "trainable_params": 148014,
  "total_params": 148014,
  "use_weighted_loss": true,
  "loss_weights": {
    "fusion": 1.0,
    "demi_cycle": 0.0,
    "cycle": 0.0,
    "translation": 0.0
  },
  "val_loss": 0.9366064667701721,
  "val_fusion_v_non_synergy_loss": 0.5472833067178726,
  "val_fusion_v_loss": 0.5472833067178726,
  "val_fusion_attr_non_synergy_loss": 0.14271527528762817,
  "val_fusion_attr_non_synergy_features_mse": 0.1540219523012638,
  "val_fusion_attr_synergy_source_feature_mse": 0.029648547526448965,
  "val_fusion_attr_synergy_loss": 0.23664287850260735,
  "val_fusion_attr_synergy_loss_scaled": 1.183214396238327,
  "val_fusion_attr_loss": 1.3259296417236328,
  "val_weighted_fusion_loss": 0.9366064667701721,
  "val_fusion_loss": 0.9366064667701721,
  "val_synergy_loss_scale": 5.0,
  "val_total_loss": 0.9366064667701721
}