{
  "workspace_dim": 7,
  "hidden_dim": 32,
  "n_layers": 4,
  "epoch": 10,
  "train_loss": 5.412140663932352,
  "fusion_weights": {
    "v": 0.5,
    "attr": 0.5,
    "use_weights_for_loss": true
  },
  "domain_names": [
    "v",
    "attr",
    "use_weights_for_loss"
  ],
  "run_name": "fusion_only",
  "timestamp": "2025-08-20_18-08-57",
  "model_type": "GWModuleConfigurableFusion",
  "epoch_time": 4.643362,
  "trainable_params": 148014,
  "total_params": 148014,
  "use_weighted_loss": true,
  "loss_weights": {
    "fusion": 1.0,
    "demi_cycle": 0.0,
    "cycle": 0.0,
    "translation": 0.0
  },
  "val_loss": 5.224486470222473,
  "val_fusion_v_non_synergy_loss": 0.5812823176383972,
  "val_fusion_v_loss": 0.5812823176383972,
  "val_fusion_attr_non_synergy_loss": 0.15095621347427368,
  "val_fusion_attr_non_synergy_features_mse": 0.16112396493554115,
  "val_fusion_attr_synergy_source_feature_mse": 0.049278696067631245,
  "val_fusion_attr_synergy_loss": 1.9433468282222748,
  "val_fusion_attr_synergy_loss_scaled": 9.716734170913696,
  "val_fusion_attr_loss": 9.867690563201904,
  "val_weighted_fusion_loss": 5.224486470222473,
  "val_fusion_loss": 5.224486470222473,
  "val_synergy_loss_scale": 5.0,
  "val_total_loss": 5.224486470222473
}