{
  "workspace_dim": 7,
  "hidden_dim": 32,
  "n_layers": 4,
  "epoch": 50,
  "train_loss": 0.689942321356605,
  "fusion_weights": {
    "v": 0.5,
    "attr": 0.5,
    "use_weights_for_loss": true
  },
  "domain_names": [
    "v",
    "attr",
    "use_weights_for_loss"
  ],
  "run_name": "fusion_only",
  "timestamp": "2025-08-20_18-11-43",
  "model_type": "GWModuleConfigurableFusion",
  "epoch_time": 4.778303,
  "trainable_params": 148014,
  "total_params": 148014,
  "use_weighted_loss": true,
  "loss_weights": {
    "fusion": 1.0,
    "demi_cycle": 0.0,
    "cycle": 0.0,
    "translation": 0.0
  },
  "val_loss": 0.6528524458408356,
  "val_fusion_v_non_synergy_loss": 0.5166929215192795,
  "val_fusion_v_loss": 0.5166929215192795,
  "val_fusion_attr_non_synergy_loss": 0.14147480949759483,
  "val_fusion_attr_non_synergy_features_mse": 0.15327546000480652,
  "val_fusion_attr_synergy_source_feature_mse": 0.02346813352778554,
  "val_fusion_attr_synergy_loss": 0.1295074298977852,
  "val_fusion_attr_synergy_loss_scaled": 0.6475371569395065,
  "val_fusion_attr_loss": 0.7890119701623917,
  "val_weighted_fusion_loss": 0.6528524458408356,
  "val_fusion_loss": 0.6528524458408356,
  "val_synergy_loss_scale": 5.0,
  "val_total_loss": 0.6528524458408356
}