{
  "workspace_dim": 9,
  "hidden_dim": 32,
  "n_layers": 4,
  "epoch": 50,
  "train_loss": 5.295206602881937,
  "fusion_weights": {
    "v": 0.5,
    "attr": 0.5,
    "use_weights_for_loss": true
  },
  "domain_names": [
    "v",
    "attr",
    "use_weights_for_loss"
  ],
  "run_name": "fusion_only",
  "timestamp": "2025-08-20_18-19-07",
  "model_type": "GWModuleConfigurableFusion",
  "epoch_time": 3.694787,
  "trainable_params": 148658,
  "total_params": 148658,
  "use_weighted_loss": true,
  "loss_weights": {
    "fusion": 1.0,
    "demi_cycle": 0.0,
    "cycle": 0.0,
    "translation": 0.0
  },
  "val_loss": 5.296816349029541,
  "val_fusion_v_non_synergy_loss": 0.17733044177293777,
  "val_fusion_v_loss": 0.17733044177293777,
  "val_fusion_attr_non_synergy_loss": 0.016523160506039858,
  "val_fusion_attr_non_synergy_features_mse": 0.009897179203107953,
  "val_fusion_attr_synergy_source_feature_mse": 0.08278297632932663,
  "val_fusion_attr_synergy_loss": 2.0799558758735657,
  "val_fusion_attr_synergy_loss_scaled": 10.399779319763184,
  "val_fusion_attr_loss": 10.41630244255066,
  "val_weighted_fusion_loss": 5.296816349029541,
  "val_fusion_loss": 5.296816349029541,
  "val_synergy_loss_scale": 5.0,
  "val_total_loss": 5.296816349029541
}