{
  "workspace_dim": 9,
  "hidden_dim": 32,
  "n_layers": 4,
  "epoch": 40,
  "train_loss": 5.311471111634198,
  "fusion_weights": {
    "v": 0.5,
    "attr": 0.5,
    "use_weights_for_loss": true
  },
  "domain_names": [
    "v",
    "attr",
    "use_weights_for_loss"
  ],
  "run_name": "fusion_only",
  "timestamp": "2025-08-20_18-18-28",
  "model_type": "GWModuleConfigurableFusion",
  "epoch_time": 3.642809,
  "trainable_params": 148658,
  "total_params": 148658,
  "use_weighted_loss": true,
  "loss_weights": {
    "fusion": 1.0,
    "demi_cycle": 0.0,
    "cycle": 0.0,
    "translation": 0.0
  },
  "val_loss": 5.312288522720337,
  "val_fusion_v_non_synergy_loss": 0.20862996578216553,
  "val_fusion_v_loss": 0.20862996578216553,
  "val_fusion_attr_non_synergy_loss": 0.017059165984392166,
  "val_fusion_attr_non_synergy_features_mse": 0.01048987451940775,
  "val_fusion_attr_synergy_source_feature_mse": 0.08275207318365574,
  "val_fusion_attr_synergy_loss": 2.0797775983810425,
  "val_fusion_attr_synergy_loss_scaled": 10.398887872695923,
  "val_fusion_attr_loss": 10.415946960449219,
  "val_weighted_fusion_loss": 5.312288522720337,
  "val_fusion_loss": 5.312288522720337,
  "val_synergy_loss_scale": 5.0,
  "val_total_loss": 5.312288522720337
}