{
  "workspace_dim": 9,
  "hidden_dim": 32,
  "n_layers": 4,
  "epoch": 10,
  "train_loss": 5.518362466026755,
  "fusion_weights": {
    "v": 0.5,
    "attr": 0.5,
    "use_weights_for_loss": true
  },
  "domain_names": [
    "v",
    "attr",
    "use_weights_for_loss"
  ],
  "run_name": "fusion_only",
  "timestamp": "2025-08-20_18-16-24",
  "model_type": "GWModuleConfigurableFusion",
  "epoch_time": 3.966923,
  "trainable_params": 148658,
  "total_params": 148658,
  "use_weighted_loss": true,
  "loss_weights": {
    "fusion": 1.0,
    "demi_cycle": 0.0,
    "cycle": 0.0,
    "translation": 0.0
  },
  "val_loss": 5.503660440444946,
  "val_fusion_v_non_synergy_loss": 0.5129046589136124,
  "val_fusion_v_loss": 0.5129046589136124,
  "val_fusion_attr_non_synergy_loss": 0.09657884947955608,
  "val_fusion_attr_non_synergy_features_mse": 0.09776725992560387,
  "val_fusion_attr_synergy_source_feature_mse": 0.08469471521675587,
  "val_fusion_attr_synergy_loss": 2.079567551612854,
  "val_fusion_attr_synergy_loss_scaled": 10.39783763885498,
  "val_fusion_attr_loss": 10.494416236877441,
  "val_weighted_fusion_loss": 5.503660440444946,
  "val_fusion_loss": 5.503660440444946,
  "val_synergy_loss_scale": 5.0,
  "val_total_loss": 5.503660440444946
}