{
  "workspace_dim": 9,
  "hidden_dim": 32,
  "n_layers": 4,
  "epoch": 30,
  "train_loss": 5.3388520829817825,
  "fusion_weights": {
    "v": 0.5,
    "attr": 0.5,
    "use_weights_for_loss": true
  },
  "domain_names": [
    "v",
    "attr",
    "use_weights_for_loss"
  ],
  "run_name": "fusion_only",
  "timestamp": "2025-08-20_18-17-46",
  "model_type": "GWModuleConfigurableFusion",
  "epoch_time": 4.463035,
  "trainable_params": 148658,
  "total_params": 148658,
  "use_weighted_loss": true,
  "loss_weights": {
    "fusion": 1.0,
    "demi_cycle": 0.0,
    "cycle": 0.0,
    "translation": 0.0
  },
  "val_loss": 5.3383469581604,
  "val_fusion_v_non_synergy_loss": 0.25970735400915146,
  "val_fusion_v_loss": 0.25970735400915146,
  "val_fusion_attr_non_synergy_loss": 0.017939667217433453,
  "val_fusion_attr_non_synergy_features_mse": 0.011445159558206797,
  "val_fusion_attr_synergy_source_feature_mse": 0.08288474380970001,
  "val_fusion_attr_synergy_loss": 2.079809308052063,
  "val_fusion_attr_synergy_loss_scaled": 10.399046421051025,
  "val_fusion_attr_loss": 10.416986465454102,
  "val_weighted_fusion_loss": 5.3383469581604,
  "val_fusion_loss": 5.3383469581604,
  "val_synergy_loss_scale": 5.0,
  "val_total_loss": 5.3383469581604
}