{
  "workspace_dim": 12,
  "hidden_dim": 32,
  "n_layers": 4,
  "epoch": 30,
  "train_loss": 104207.989346,
  "fusion_weights": {
    "v": 0.5,
    "attr": 0.5,
    "use_weights_for_loss": false
  },
  "domain_names": [
    "v",
    "attr",
    "use_weights_for_loss"
  ],
  "run_name": "fusion_only",
  "timestamp": "2025-08-07_15-13-28",
  "model_type": "GWModuleConfigurableFusion",
  "epoch_time": 301.665398,
  "trainable_params": 20343,
  "total_params": 20343,
  "use_weighted_loss": false,
  "loss_weights": {
    "fusion": 1.0,
    "demi_cycle": 0.0,
    "cycle": 0.0,
    "translation": 0.0
  },
  "val_loss": 104196.88828075016,
  "val_fusion_v_non_synergy_loss": 0.8551723707279028,
  "val_fusion_v_loss": 0.8551723707279028,
  "val_fusion_attr_non_synergy_loss": 441.2619401537602,
  "val_fusion_attr_synergy_loss": 2.079516596315156,
  "val_fusion_attr_synergy_loss_scaled": 207951.65972888676,
  "val_fusion_attr_loss": 208392.92158509276,
  "val_weighted_fusion_loss": 104196.88828075016,
  "val_fusion_loss": 104196.88828075016,
  "val_synergy_loss_scale": 100000.0,
  "val_total_loss": 104196.88828075016
}