{
  "workspace_dim": 12,
  "hidden_dim": 32,
  "n_layers": 4,
  "epoch": 50,
  "train_loss": 104206.7130775,
  "fusion_weights": {
    "v": 0.5,
    "attr": 0.5,
    "use_weights_for_loss": false
  },
  "domain_names": [
    "v",
    "attr",
    "use_weights_for_loss"
  ],
  "run_name": "fusion_only",
  "timestamp": "2025-08-07_16-54-10",
  "model_type": "GWModuleConfigurableFusion",
  "epoch_time": 292.348354,
  "trainable_params": 20343,
  "total_params": 20343,
  "use_weighted_loss": false,
  "loss_weights": {
    "fusion": 1.0,
    "demi_cycle": 0.0,
    "cycle": 0.0,
    "translation": 0.0
  },
  "val_loss": 104237.52041346769,
  "val_fusion_v_non_synergy_loss": 0.8551136998510941,
  "val_fusion_v_loss": 0.8551136998510941,
  "val_fusion_attr_non_synergy_loss": 442.15049818823604,
  "val_fusion_attr_synergy_loss": 2.0803203515646476,
  "val_fusion_attr_synergy_loss_scaled": 208032.0353386916,
  "val_fusion_attr_loss": 208474.18584053102,
  "val_weighted_fusion_loss": 104237.52041346769,
  "val_fusion_loss": 104237.52041346769,
  "val_synergy_loss_scale": 100000.0,
  "val_total_loss": 104237.52041346769
}