{
  "workspace_dim": 11,
  "hidden_dim": 32,
  "n_layers": 4,
  "epoch": 40,
  "train_loss": 0.6966640633695266,
  "fusion_weights": {
    "v": 0.5,
    "attr": 0.5,
    "use_weights_for_loss": true
  },
  "domain_names": [
    "v",
    "attr",
    "use_weights_for_loss"
  ],
  "run_name": "fusion_only",
  "timestamp": "2025-08-20_18-25-48",
  "model_type": "GWModuleConfigurableFusion",
  "epoch_time": 3.724139,
  "trainable_params": 149302,
  "total_params": 149302,
  "use_weighted_loss": true,
  "loss_weights": {
    "fusion": 1.0,
    "demi_cycle": 0.0,
    "cycle": 0.0,
    "translation": 0.0
  },
  "val_loss": 0.7064033150672913,
  "val_fusion_v_non_synergy_loss": 0.6480684727430344,
  "val_fusion_v_loss": 0.6480684727430344,
  "val_fusion_attr_non_synergy_loss": 0.19269441068172455,
  "val_fusion_attr_non_synergy_features_mse": 0.2103501334786415,
  "val_fusion_attr_synergy_source_feature_mse": 0.016137090045958757,
  "val_fusion_attr_synergy_loss": 0.11440875194966793,
  "val_fusion_attr_synergy_loss_scaled": 0.5720437616109848,
  "val_fusion_attr_loss": 0.7647381722927094,
  "val_weighted_fusion_loss": 0.7064033150672913,
  "val_fusion_loss": 0.7064033150672913,
  "val_synergy_loss_scale": 5.0,
  "val_total_loss": 0.7064033150672913
}