{
  "workspace_dim": 11,
  "hidden_dim": 32,
  "n_layers": 4,
  "epoch": 20,
  "train_loss": 0.9323510773041669,
  "fusion_weights": {
    "v": 0.5,
    "attr": 0.5,
    "use_weights_for_loss": true
  },
  "domain_names": [
    "v",
    "attr",
    "use_weights_for_loss"
  ],
  "run_name": "fusion_only",
  "timestamp": "2025-08-20_18-24-29",
  "model_type": "GWModuleConfigurableFusion",
  "epoch_time": 4.155207,
  "trainable_params": 149302,
  "total_params": 149302,
  "use_weighted_loss": true,
  "loss_weights": {
    "fusion": 1.0,
    "demi_cycle": 0.0,
    "cycle": 0.0,
    "translation": 0.0
  },
  "val_loss": 1.204960972070694,
  "val_fusion_v_non_synergy_loss": 0.6700392365455627,
  "val_fusion_v_loss": 0.6700392365455627,
  "val_fusion_attr_non_synergy_loss": 0.19361305981874466,
  "val_fusion_attr_non_synergy_features_mse": 0.21075167134404182,
  "val_fusion_attr_synergy_source_feature_mse": 0.02222693059593439,
  "val_fusion_attr_synergy_loss": 0.30925392359495163,
  "val_fusion_attr_synergy_loss_scaled": 1.5462696254253387,
  "val_fusion_attr_loss": 1.7398826777935028,
  "val_weighted_fusion_loss": 1.204960972070694,
  "val_fusion_loss": 1.204960972070694,
  "val_synergy_loss_scale": 5.0,
  "val_total_loss": 1.204960972070694
}