{
  "workspace_dim": 11,
  "hidden_dim": 32,
  "n_layers": 4,
  "epoch": 10,
  "train_loss": 2.0212081039653107,
  "fusion_weights": {
    "v": 0.5,
    "attr": 0.5,
    "use_weights_for_loss": true
  },
  "domain_names": [
    "v",
    "attr",
    "use_weights_for_loss"
  ],
  "run_name": "fusion_only",
  "timestamp": "2025-08-20_18-23-46",
  "model_type": "GWModuleConfigurableFusion",
  "epoch_time": 4.339675,
  "trainable_params": 149302,
  "total_params": 149302,
  "use_weighted_loss": true,
  "loss_weights": {
    "fusion": 1.0,
    "demi_cycle": 0.0,
    "cycle": 0.0,
    "translation": 0.0
  },
  "val_loss": 1.8516831994056702,
  "val_fusion_v_non_synergy_loss": 0.7374314963817596,
  "val_fusion_v_loss": 0.7374314963817596,
  "val_fusion_attr_non_synergy_loss": 0.1945039965212345,
  "val_fusion_attr_non_synergy_features_mse": 0.21085014939308167,
  "val_fusion_attr_synergy_source_feature_mse": 0.031042359303683043,
  "val_fusion_attr_synergy_loss": 0.5542862117290497,
  "val_fusion_attr_synergy_loss_scaled": 2.7714309692382812,
  "val_fusion_attr_loss": 2.965934932231903,
  "val_weighted_fusion_loss": 1.8516831994056702,
  "val_fusion_loss": 1.8516831994056702,
  "val_synergy_loss_scale": 5.0,
  "val_total_loss": 1.8516831994056702
}