{
  "workspace_dim": 15,
  "hidden_dim": 32,
  "n_layers": 4,
  "epoch": 40,
  "train_loss": 0.6345022092847263,
  "fusion_weights": {
    "v": 0.5,
    "attr": 0.5,
    "use_weights_for_loss": true
  },
  "domain_names": [
    "v",
    "attr",
    "use_weights_for_loss"
  ],
  "run_name": "fusion_only",
  "timestamp": "2025-08-20_18-40-44",
  "model_type": "GWModuleConfigurableFusion",
  "epoch_time": 3.852719,
  "trainable_params": 150590,
  "total_params": 150590,
  "use_weighted_loss": true,
  "loss_weights": {
    "fusion": 1.0,
    "demi_cycle": 0.0,
    "cycle": 0.0,
    "translation": 0.0
  },
  "val_loss": 0.5941155254840851,
  "val_fusion_v_non_synergy_loss": 0.5634541213512421,
  "val_fusion_v_loss": 0.5634541213512421,
  "val_fusion_attr_non_synergy_loss": 0.19310340657830238,
  "val_fusion_attr_non_synergy_features_mse": 0.21188803762197495,
  "val_fusion_attr_synergy_source_feature_mse": 0.005256975768133998,
  "val_fusion_attr_synergy_loss": 0.08633470349013805,
  "val_fusion_attr_synergy_loss_scaled": 0.4316735118627548,
  "val_fusion_attr_loss": 0.6247769147157669,
  "val_weighted_fusion_loss": 0.5941155254840851,
  "val_fusion_loss": 0.5941155254840851,
  "val_synergy_loss_scale": 5.0,
  "val_total_loss": 0.5941155254840851
}