{
  "workspace_dim": 15,
  "hidden_dim": 32,
  "n_layers": 4,
  "epoch": 10,
  "train_loss": 1.3799164786058313,
  "fusion_weights": {
    "v": 0.5,
    "attr": 0.5,
    "use_weights_for_loss": true
  },
  "domain_names": [
    "v",
    "attr",
    "use_weights_for_loss"
  ],
  "run_name": "fusion_only",
  "timestamp": "2025-08-20_18-38-43",
  "model_type": "GWModuleConfigurableFusion",
  "epoch_time": 4.061995,
  "trainable_params": 150590,
  "total_params": 150590,
  "use_weighted_loss": true,
  "loss_weights": {
    "fusion": 1.0,
    "demi_cycle": 0.0,
    "cycle": 0.0,
    "translation": 0.0
  },
  "val_loss": 1.2285170257091522,
  "val_fusion_v_non_synergy_loss": 0.664984717965126,
  "val_fusion_v_loss": 0.664984717965126,
  "val_fusion_attr_non_synergy_loss": 0.19294889271259308,
  "val_fusion_attr_non_synergy_features_mse": 0.2115144319832325,
  "val_fusion_attr_synergy_source_feature_mse": 0.007293545291759074,
  "val_fusion_attr_synergy_loss": 0.3198201060295105,
  "val_fusion_attr_synergy_loss_scaled": 1.59910050034523,
  "val_fusion_attr_loss": 1.792049378156662,
  "val_weighted_fusion_loss": 1.2285170257091522,
  "val_fusion_loss": 1.2285170257091522,
  "val_synergy_loss_scale": 5.0,
  "val_total_loss": 1.2285170257091522
}