{
  "workspace_dim": 15,
  "hidden_dim": 32,
  "n_layers": 4,
  "epoch": 50,
  "train_loss": 0.5208926761851591,
  "fusion_weights": {
    "v": 0.5,
    "attr": 0.5,
    "use_weights_for_loss": true
  },
  "domain_names": [
    "v",
    "attr",
    "use_weights_for_loss"
  ],
  "run_name": "fusion_only",
  "timestamp": "2025-08-20_18-41-28",
  "model_type": "GWModuleConfigurableFusion",
  "epoch_time": 4.115414,
  "trainable_params": 150590,
  "total_params": 150590,
  "use_weighted_loss": true,
  "loss_weights": {
    "fusion": 1.0,
    "demi_cycle": 0.0,
    "cycle": 0.0,
    "translation": 0.0
  },
  "val_loss": 0.5222513228654861,
  "val_fusion_v_non_synergy_loss": 0.5387032628059387,
  "val_fusion_v_loss": 0.5387032628059387,
  "val_fusion_attr_non_synergy_loss": 0.19251002371311188,
  "val_fusion_attr_non_synergy_features_mse": 0.2113320231437683,
  "val_fusion_attr_synergy_source_feature_mse": 0.0042899237014353275,
  "val_fusion_attr_synergy_loss": 0.06265787035226822,
  "val_fusion_attr_synergy_loss_scaled": 0.3132893592119217,
  "val_fusion_attr_loss": 0.5057993829250336,
  "val_weighted_fusion_loss": 0.5222513228654861,
  "val_fusion_loss": 0.5222513228654861,
  "val_synergy_loss_scale": 5.0,
  "val_total_loss": 0.5222513228654861
}