{
  "workspace_dim": 15,
  "hidden_dim": 32,
  "n_layers": 4,
  "epoch": 30,
  "train_loss": 0.6580613553524017,
  "fusion_weights": {
    "v": 0.5,
    "attr": 0.5,
    "use_weights_for_loss": true
  },
  "domain_names": [
    "v",
    "attr",
    "use_weights_for_loss"
  ],
  "run_name": "fusion_only",
  "timestamp": "2025-08-20_18-40-03",
  "model_type": "GWModuleConfigurableFusion",
  "epoch_time": 5.158979,
  "trainable_params": 150590,
  "total_params": 150590,
  "use_weighted_loss": true,
  "loss_weights": {
    "fusion": 1.0,
    "demi_cycle": 0.0,
    "cycle": 0.0,
    "translation": 0.0
  },
  "val_loss": 0.6163243055343628,
  "val_fusion_v_non_synergy_loss": 0.5798878520727158,
  "val_fusion_v_loss": 0.5798878520727158,
  "val_fusion_attr_non_synergy_loss": 0.1925133801996708,
  "val_fusion_attr_non_synergy_features_mse": 0.2113204412162304,
  "val_fusion_attr_synergy_source_feature_mse": 0.004442756646312773,
  "val_fusion_attr_synergy_loss": 0.09204948134720325,
  "val_fusion_attr_synergy_loss_scaled": 0.4602473974227905,
  "val_fusion_attr_loss": 0.652760773897171,
  "val_weighted_fusion_loss": 0.6163243055343628,
  "val_fusion_loss": 0.6163243055343628,
  "val_synergy_loss_scale": 5.0,
  "val_total_loss": 0.6163243055343628
}