{
  "workspace_dim": 4,
  "hidden_dim": 32,
  "n_layers": 4,
  "epoch": 40,
  "train_loss": 0.7636020814671236,
  "fusion_weights": {
    "v": 0.5,
    "attr": 0.5,
    "use_weights_for_loss": true
  },
  "domain_names": [
    "v",
    "attr",
    "use_weights_for_loss"
  ],
  "run_name": "fusion_only",
  "timestamp": "2025-08-20_17-59-39",
  "model_type": "GWModuleConfigurableFusion",
  "epoch_time": 3.564883,
  "trainable_params": 147048,
  "total_params": 147048,
  "use_weighted_loss": true,
  "loss_weights": {
    "fusion": 1.0,
    "demi_cycle": 0.0,
    "cycle": 0.0,
    "translation": 0.0
  },
  "val_loss": 0.8096832633018494,
  "val_fusion_v_non_synergy_loss": 0.623967245221138,
  "val_fusion_v_loss": 0.623967245221138,
  "val_fusion_attr_non_synergy_loss": 0.16780894994735718,
  "val_fusion_attr_non_synergy_features_mse": 0.1801144853234291,
  "val_fusion_attr_synergy_source_feature_mse": 0.04475363623350859,
  "val_fusion_attr_synergy_loss": 0.16551806032657623,
  "val_fusion_attr_synergy_loss_scaled": 0.8275903165340424,
  "val_fusion_attr_loss": 0.9953992664813995,
  "val_weighted_fusion_loss": 0.8096832633018494,
  "val_fusion_loss": 0.8096832633018494,
  "val_synergy_loss_scale": 5.0,
  "val_total_loss": 0.8096832633018494
}