{
  "workspace_dim": 8,
  "hidden_dim": 32,
  "n_layers": 4,
  "epoch": 40,
  "train_loss": 0.9312122236279881,
  "fusion_weights": {
    "v": 0.5,
    "attr": 0.5,
    "use_weights_for_loss": true
  },
  "domain_names": [
    "v",
    "attr",
    "use_weights_for_loss"
  ],
  "run_name": "fusion_only",
  "timestamp": "2025-08-20_18-14-48",
  "model_type": "GWModuleConfigurableFusion",
  "epoch_time": 3.633653,
  "trainable_params": 148336,
  "total_params": 148336,
  "use_weighted_loss": true,
  "loss_weights": {
    "fusion": 1.0,
    "demi_cycle": 0.0,
    "cycle": 0.0,
    "translation": 0.0
  },
  "val_loss": 0.8670636266469955,
  "val_fusion_v_non_synergy_loss": 0.4709484130144119,
  "val_fusion_v_loss": 0.4709484130144119,
  "val_fusion_attr_non_synergy_loss": 0.13986315205693245,
  "val_fusion_attr_non_synergy_features_mse": 0.1497066542506218,
  "val_fusion_attr_synergy_source_feature_mse": 0.04142805282026529,
  "val_fusion_attr_synergy_loss": 0.2246631346642971,
  "val_fusion_attr_synergy_loss_scaled": 1.1233156621456146,
  "val_fusion_attr_loss": 1.263178825378418,
  "val_weighted_fusion_loss": 0.8670636266469955,
  "val_fusion_loss": 0.8670636266469955,
  "val_synergy_loss_scale": 5.0,
  "val_total_loss": 0.8670636266469955
}