{
  "workspace_dim": 8,
  "hidden_dim": 32,
  "n_layers": 4,
  "epoch": 30,
  "train_loss": 1.334987058359034,
  "fusion_weights": {
    "v": 0.5,
    "attr": 0.5,
    "use_weights_for_loss": true
  },
  "domain_names": [
    "v",
    "attr",
    "use_weights_for_loss"
  ],
  "run_name": "fusion_only",
  "timestamp": "2025-08-20_18-14-09",
  "model_type": "GWModuleConfigurableFusion",
  "epoch_time": 4.251984,
  "trainable_params": 148336,
  "total_params": 148336,
  "use_weighted_loss": true,
  "loss_weights": {
    "fusion": 1.0,
    "demi_cycle": 0.0,
    "cycle": 0.0,
    "translation": 0.0
  },
  "val_loss": 1.1444489657878876,
  "val_fusion_v_non_synergy_loss": 0.48293066024780273,
  "val_fusion_v_loss": 0.48293066024780273,
  "val_fusion_attr_non_synergy_loss": 0.1420268565416336,
  "val_fusion_attr_non_synergy_features_mse": 0.1517067588865757,
  "val_fusion_attr_synergy_source_feature_mse": 0.04522784240543842,
  "val_fusion_attr_synergy_loss": 0.3327880799770355,
  "val_fusion_attr_synergy_loss_scaled": 1.6639403998851776,
  "val_fusion_attr_loss": 1.80596724152565,
  "val_weighted_fusion_loss": 1.1444489657878876,
  "val_fusion_loss": 1.1444489657878876,
  "val_synergy_loss_scale": 5.0,
  "val_total_loss": 1.1444489657878876
}