{
  "workspace_dim": 8,
  "hidden_dim": 32,
  "n_layers": 4,
  "epoch": 50,
  "train_loss": 0.8066659008755404,
  "fusion_weights": {
    "v": 0.5,
    "attr": 0.5,
    "use_weights_for_loss": true
  },
  "domain_names": [
    "v",
    "attr",
    "use_weights_for_loss"
  ],
  "run_name": "fusion_only",
  "timestamp": "2025-08-20_18-15-26",
  "model_type": "GWModuleConfigurableFusion",
  "epoch_time": 3.458062,
  "trainable_params": 148336,
  "total_params": 148336,
  "use_weighted_loss": true,
  "loss_weights": {
    "fusion": 1.0,
    "demi_cycle": 0.0,
    "cycle": 0.0,
    "translation": 0.0
  },
  "val_loss": 0.7585715800523758,
  "val_fusion_v_non_synergy_loss": 0.46494413167238235,
  "val_fusion_v_loss": 0.46494413167238235,
  "val_fusion_attr_non_synergy_loss": 0.13801653683185577,
  "val_fusion_attr_non_synergy_features_mse": 0.1482423096895218,
  "val_fusion_attr_synergy_source_feature_mse": 0.03575877659022808,
  "val_fusion_attr_synergy_loss": 0.18283650279045105,
  "val_fusion_attr_synergy_loss_scaled": 0.914182499051094,
  "val_fusion_attr_loss": 1.0521990358829498,
  "val_weighted_fusion_loss": 0.7585715800523758,
  "val_fusion_loss": 0.7585715800523758,
  "val_synergy_loss_scale": 5.0,
  "val_total_loss": 0.7585715800523758
}