{
  "workspace_dim": 8,
  "hidden_dim": 32,
  "n_layers": 4,
  "epoch": 20,
  "train_loss": 2.412985458093531,
  "fusion_weights": {
    "v": 0.5,
    "attr": 0.5,
    "use_weights_for_loss": true
  },
  "domain_names": [
    "v",
    "attr",
    "use_weights_for_loss"
  ],
  "run_name": "fusion_only",
  "timestamp": "2025-08-20_18-13-28",
  "model_type": "GWModuleConfigurableFusion",
  "epoch_time": 4.763456,
  "trainable_params": 148336,
  "total_params": 148336,
  "use_weighted_loss": true,
  "loss_weights": {
    "fusion": 1.0,
    "demi_cycle": 0.0,
    "cycle": 0.0,
    "translation": 0.0
  },
  "val_loss": 2.38511198759079,
  "val_fusion_v_non_synergy_loss": 0.48881539702415466,
  "val_fusion_v_loss": 0.48881539702415466,
  "val_fusion_attr_non_synergy_loss": 0.14791813865303993,
  "val_fusion_attr_non_synergy_features_mse": 0.1565944068133831,
  "val_fusion_attr_synergy_source_feature_mse": 0.06115540862083435,
  "val_fusion_attr_synergy_loss": 0.8266981095075607,
  "val_fusion_attr_synergy_loss_scaled": 4.133490443229675,
  "val_fusion_attr_loss": 4.2814085483551025,
  "val_weighted_fusion_loss": 2.38511198759079,
  "val_fusion_loss": 2.38511198759079,
  "val_synergy_loss_scale": 5.0,
  "val_total_loss": 2.38511198759079
}