{
  "workspace_dim": 1,
  "hidden_dim": 32,
  "n_layers": 4,
  "epoch": 40,
  "train_loss": 5.563921844258028,
  "fusion_weights": {
    "v": 0.5,
    "attr": 0.5,
    "use_weights_for_loss": true
  },
  "domain_names": [
    "v",
    "attr",
    "use_weights_for_loss"
  ],
  "run_name": "fusion_only",
  "timestamp": "2025-08-20_17-48-22",
  "model_type": "GWModuleConfigurableFusion",
  "epoch_time": 4.649892,
  "trainable_params": 146082,
  "total_params": 146082,
  "use_weighted_loss": true,
  "loss_weights": {
    "fusion": 1.0,
    "demi_cycle": 0.0,
    "cycle": 0.0,
    "translation": 0.0
  },
  "val_loss": 5.563771963119507,
  "val_fusion_v_non_synergy_loss": 0.5468259155750275,
  "val_fusion_v_loss": 0.5468259155750275,
  "val_fusion_attr_non_synergy_loss": 0.18235666677355766,
  "val_fusion_attr_non_synergy_features_mse": 0.19227693229913712,
  "val_fusion_attr_synergy_source_feature_mse": 0.08315406925976276,
  "val_fusion_attr_synergy_loss": 2.0796722769737244,
  "val_fusion_attr_synergy_loss_scaled": 10.398361206054688,
  "val_fusion_attr_loss": 10.58071780204773,
  "val_weighted_fusion_loss": 5.563771963119507,
  "val_fusion_loss": 5.563771963119507,
  "val_synergy_loss_scale": 5.0,
  "val_total_loss": 5.563771963119507
}