{
  "workspace_dim": 1,
  "hidden_dim": 32,
  "n_layers": 4,
  "epoch": 30,
  "train_loss": 5.573116302490234,
  "fusion_weights": {
    "v": 0.5,
    "attr": 0.5,
    "use_weights_for_loss": true
  },
  "domain_names": [
    "v",
    "attr",
    "use_weights_for_loss"
  ],
  "run_name": "fusion_only",
  "timestamp": "2025-08-20_17-47-39",
  "model_type": "GWModuleConfigurableFusion",
  "epoch_time": 4.055064,
  "trainable_params": 146082,
  "total_params": 146082,
  "use_weighted_loss": true,
  "loss_weights": {
    "fusion": 1.0,
    "demi_cycle": 0.0,
    "cycle": 0.0,
    "translation": 0.0
  },
  "val_loss": 5.573280453681946,
  "val_fusion_v_non_synergy_loss": 0.5647546499967575,
  "val_fusion_v_loss": 0.5647546499967575,
  "val_fusion_attr_non_synergy_loss": 0.18357554450631142,
  "val_fusion_attr_non_synergy_features_mse": 0.19361238181591034,
  "val_fusion_attr_synergy_source_feature_mse": 0.08320718817412853,
  "val_fusion_attr_synergy_loss": 2.0796461701393127,
  "val_fusion_attr_synergy_loss_scaled": 10.398231029510498,
  "val_fusion_attr_loss": 10.581806421279907,
  "val_weighted_fusion_loss": 5.573280453681946,
  "val_fusion_loss": 5.573280453681946,
  "val_synergy_loss_scale": 5.0,
  "val_total_loss": 5.573280453681946
}