{
  "workspace_dim": 1,
  "hidden_dim": 32,
  "n_layers": 4,
  "epoch": 50,
  "train_loss": 5.55746042027193,
  "fusion_weights": {
    "v": 0.5,
    "attr": 0.5,
    "use_weights_for_loss": true
  },
  "domain_names": [
    "v",
    "attr",
    "use_weights_for_loss"
  ],
  "run_name": "fusion_only",
  "timestamp": "2025-08-20_17-49-01",
  "model_type": "GWModuleConfigurableFusion",
  "epoch_time": 3.720164,
  "trainable_params": 146082,
  "total_params": 146082,
  "use_weighted_loss": true,
  "loss_weights": {
    "fusion": 1.0,
    "demi_cycle": 0.0,
    "cycle": 0.0,
    "translation": 0.0
  },
  "val_loss": 5.558236598968506,
  "val_fusion_v_non_synergy_loss": 0.5366518944501877,
  "val_fusion_v_loss": 0.5366518944501877,
  "val_fusion_attr_non_synergy_loss": 0.18183955177664757,
  "val_fusion_attr_non_synergy_features_mse": 0.19170812144875526,
  "val_fusion_attr_synergy_source_feature_mse": 0.08315383270382881,
  "val_fusion_attr_synergy_loss": 2.0795964002609253,
  "val_fusion_attr_synergy_loss_scaled": 10.397981882095337,
  "val_fusion_attr_loss": 10.579821348190308,
  "val_weighted_fusion_loss": 5.558236598968506,
  "val_fusion_loss": 5.558236598968506,
  "val_synergy_loss_scale": 5.0,
  "val_total_loss": 5.558236598968506
}