{
  "workspace_dim": 1,
  "hidden_dim": 32,
  "n_layers": 4,
  "epoch": 20,
  "train_loss": 5.586781585917754,
  "fusion_weights": {
    "v": 0.5,
    "attr": 0.5,
    "use_weights_for_loss": true
  },
  "domain_names": [
    "v",
    "attr",
    "use_weights_for_loss"
  ],
  "run_name": "fusion_only",
  "timestamp": "2025-08-20_17-47-01",
  "model_type": "GWModuleConfigurableFusion",
  "epoch_time": 4.56014,
  "trainable_params": 146082,
  "total_params": 146082,
  "use_weighted_loss": true,
  "loss_weights": {
    "fusion": 1.0,
    "demi_cycle": 0.0,
    "cycle": 0.0,
    "translation": 0.0
  },
  "val_loss": 5.584700107574463,
  "val_fusion_v_non_synergy_loss": 0.5858512371778488,
  "val_fusion_v_loss": 0.5858512371778488,
  "val_fusion_attr_non_synergy_loss": 0.18537293374538422,
  "val_fusion_attr_non_synergy_features_mse": 0.19558753818273544,
  "val_fusion_attr_synergy_source_feature_mse": 0.08322692289948463,
  "val_fusion_attr_synergy_loss": 2.0796351432800293,
  "val_fusion_attr_synergy_loss_scaled": 10.398175716400146,
  "val_fusion_attr_loss": 10.583548784255981,
  "val_weighted_fusion_loss": 5.584700107574463,
  "val_fusion_loss": 5.584700107574463,
  "val_synergy_loss_scale": 5.0,
  "val_total_loss": 5.584700107574463
}