{
  "workspace_dim": 1,
  "hidden_dim": 32,
  "n_layers": 4,
  "epoch": 10,
  "train_loss": 5.612972806481754,
  "fusion_weights": {
    "v": 0.5,
    "attr": 0.5,
    "use_weights_for_loss": true
  },
  "domain_names": [
    "v",
    "attr",
    "use_weights_for_loss"
  ],
  "run_name": "fusion_only",
  "timestamp": "2025-08-20_17-46-20",
  "model_type": "GWModuleConfigurableFusion",
  "epoch_time": 4.684573,
  "trainable_params": 146082,
  "total_params": 146082,
  "use_weighted_loss": true,
  "loss_weights": {
    "fusion": 1.0,
    "demi_cycle": 0.0,
    "cycle": 0.0,
    "translation": 0.0
  },
  "val_loss": 5.611799478530884,
  "val_fusion_v_non_synergy_loss": 0.6344538629055023,
  "val_fusion_v_loss": 0.6344538629055023,
  "val_fusion_attr_non_synergy_loss": 0.19154202193021774,
  "val_fusion_attr_non_synergy_features_mse": 0.2023756019771099,
  "val_fusion_attr_synergy_source_feature_mse": 0.08320617489516735,
  "val_fusion_attr_synergy_loss": 2.079520583152771,
  "val_fusion_attr_synergy_loss_scaled": 10.397603034973145,
  "val_fusion_attr_loss": 10.589145183563232,
  "val_weighted_fusion_loss": 5.611799478530884,
  "val_fusion_loss": 5.611799478530884,
  "val_synergy_loss_scale": 5.0,
  "val_total_loss": 5.611799478530884
}