{
  "workspace_dim": 6,
  "hidden_dim": 32,
  "n_layers": 4,
  "epoch": 10,
  "train_loss": 5.533033763661104,
  "fusion_weights": {
    "v": 0.5,
    "attr": 0.5,
    "use_weights_for_loss": true
  },
  "domain_names": [
    "v",
    "attr",
    "use_weights_for_loss"
  ],
  "run_name": "fusion_only",
  "timestamp": "2025-08-20_18-05-03",
  "model_type": "GWModuleConfigurableFusion",
  "epoch_time": 3.645163,
  "trainable_params": 147692,
  "total_params": 147692,
  "use_weighted_loss": true,
  "loss_weights": {
    "fusion": 1.0,
    "demi_cycle": 0.0,
    "cycle": 0.0,
    "translation": 0.0
  },
  "val_loss": 5.527435660362244,
  "val_fusion_v_non_synergy_loss": 0.5322795659303665,
  "val_fusion_v_loss": 0.5322795659303665,
  "val_fusion_attr_non_synergy_loss": 0.1241756472736597,
  "val_fusion_attr_non_synergy_features_mse": 0.12817242369055748,
  "val_fusion_attr_synergy_source_feature_mse": 0.08420780301094055,
  "val_fusion_attr_synergy_loss": 2.079683244228363,
  "val_fusion_attr_synergy_loss_scaled": 10.39841628074646,
  "val_fusion_attr_loss": 10.522591829299927,
  "val_weighted_fusion_loss": 5.527435660362244,
  "val_fusion_loss": 5.527435660362244,
  "val_synergy_loss_scale": 5.0,
  "val_total_loss": 5.527435660362244
}