{
  "workspace_dim": 6,
  "hidden_dim": 32,
  "n_layers": 4,
  "epoch": 40,
  "train_loss": 5.338644111857695,
  "fusion_weights": {
    "v": 0.5,
    "attr": 0.5,
    "use_weights_for_loss": true
  },
  "domain_names": [
    "v",
    "attr",
    "use_weights_for_loss"
  ],
  "run_name": "fusion_only",
  "timestamp": "2025-08-20_18-07-11",
  "model_type": "GWModuleConfigurableFusion",
  "epoch_time": 4.547321,
  "trainable_params": 147692,
  "total_params": 147692,
  "use_weighted_loss": true,
  "loss_weights": {
    "fusion": 1.0,
    "demi_cycle": 0.0,
    "cycle": 0.0,
    "translation": 0.0
  },
  "val_loss": 5.338843107223511,
  "val_fusion_v_non_synergy_loss": 0.255301758646965,
  "val_fusion_v_loss": 0.255301758646965,
  "val_fusion_attr_non_synergy_loss": 0.02390113938599825,
  "val_fusion_attr_non_synergy_features_mse": 0.017979895696043968,
  "val_fusion_attr_synergy_source_feature_mse": 0.08311358280479908,
  "val_fusion_attr_synergy_loss": 2.0796965956687927,
  "val_fusion_attr_synergy_loss_scaled": 10.398483037948608,
  "val_fusion_attr_loss": 10.422384262084961,
  "val_weighted_fusion_loss": 5.338843107223511,
  "val_fusion_loss": 5.338843107223511,
  "val_synergy_loss_scale": 5.0,
  "val_total_loss": 5.338843107223511
}