{
  "workspace_dim": 6,
  "hidden_dim": 32,
  "n_layers": 4,
  "epoch": 20,
  "train_loss": 5.4094513584585755,
  "fusion_weights": {
    "v": 0.5,
    "attr": 0.5,
    "use_weights_for_loss": true
  },
  "domain_names": [
    "v",
    "attr",
    "use_weights_for_loss"
  ],
  "run_name": "fusion_only",
  "timestamp": "2025-08-20_18-05-46",
  "model_type": "GWModuleConfigurableFusion",
  "epoch_time": 4.213393,
  "trainable_params": 147692,
  "total_params": 147692,
  "use_weighted_loss": true,
  "loss_weights": {
    "fusion": 1.0,
    "demi_cycle": 0.0,
    "cycle": 0.0,
    "translation": 0.0
  },
  "val_loss": 5.407878994941711,
  "val_fusion_v_non_synergy_loss": 0.37554311007261276,
  "val_fusion_v_loss": 0.37554311007261276,
  "val_fusion_attr_non_synergy_loss": 0.04026889614760876,
  "val_fusion_attr_non_synergy_features_mse": 0.035972547717392445,
  "val_fusion_attr_synergy_source_feature_mse": 0.08323235251009464,
  "val_fusion_attr_synergy_loss": 2.07998925447464,
  "val_fusion_attr_synergy_loss_scaled": 10.399946212768555,
  "val_fusion_attr_loss": 10.44021487236023,
  "val_weighted_fusion_loss": 5.407878994941711,
  "val_fusion_loss": 5.407878994941711,
  "val_synergy_loss_scale": 5.0,
  "val_total_loss": 5.407878994941711
}